-- phpMyAdmin SQL Dump
-- version 4.4.10
-- http://www.phpmyadmin.net
--
-- Client :  localhost
-- Généré le :  Jeu 25 Février 2016 à 20:44
-- Version du serveur :  5.5.42
-- Version de PHP :  5.6.10

SET SQL_MODE = "NO_AUTO_VALUE_ON_ZERO";
SET time_zone = "+00:00";


/*!40101 SET @OLD_CHARACTER_SET_CLIENT=@@CHARACTER_SET_CLIENT */;
/*!40101 SET @OLD_CHARACTER_SET_RESULTS=@@CHARACTER_SET_RESULTS */;
/*!40101 SET @OLD_COLLATION_CONNECTION=@@COLLATION_CONNECTION */;
/*!40101 SET NAMES utf8mb4 */;

--
-- Base de données :  `api-lotr`
--
CREATE DATABASE IF NOT EXISTS `api-lotr` DEFAULT CHARACTER SET utf8mb4 COLLATE utf8mb4_unicode_ci;
USE `api-lotr`;

-- --------------------------------------------------------

--
-- Structure de la table `characters`
--

CREATE TABLE `characters` (
  `id` int(11) NOT NULL,
  `race_id` int(11) DEFAULT NULL,
  `slug` varchar(100) COLLATE utf8_unicode_ci NOT NULL,
  `name` varchar(100) COLLATE utf8_unicode_ci NOT NULL
) ENGINE=InnoDB AUTO_INCREMENT=10 DEFAULT CHARSET=utf8 COLLATE=utf8_unicode_ci;

--
-- Contenu de la table `characters`
--

INSERT INTO `characters` (`id`, `race_id`, `slug`, `name`) VALUES
(1, 1, 'aragorn', 'Aragorn, dit Grands-Pas'),
(2, 1, 'boromir', 'Boromir, fils de Denethor'),
(3, 3, 'frodon', 'Frodon Sacquet'),
(4, 4, 'gandalf', 'Gandalf le gris, puis Gandalf le blanc'),
(5, 2, 'gimli', 'Gimli, fils de Glóin'),
(6, 2, 'legolas', 'Legolas Vertefeuille, fils de Thranduil'),
(7, 3, 'merry', 'Meriadoc Brandebouc, dit Merry'),
(8, 3, 'pippin', 'Peregrin Touque, dit Pippin'),
(9, 3, 'sam', 'Samsagace Gamegie, dit Sam');

-- --------------------------------------------------------

--
-- Structure de la table `characters_trip`
--

CREATE TABLE `characters_trip` (
  `id` int(11) NOT NULL,
  `character_id` int(11) DEFAULT NULL,
  `status` int(11) DEFAULT NULL,
  `date` date NOT NULL,
  `coordX` tinyint(1) NOT NULL,
  `coordY` tinyint(1) NOT NULL
) ENGINE=InnoDB AUTO_INCREMENT=1657 DEFAULT CHARSET=utf8 COLLATE=utf8_unicode_ci;

--
-- Contenu de la table `characters_trip`
--

INSERT INTO `characters_trip` (`id`, `character_id`, `status`, `date`, `coordX`, `coordY`) VALUES
(1, 1, 1, '3018-09-23', -1, -1),
(2, 1, 1, '3018-09-24', -1, -1),
(3, 1, 1, '3018-09-25', -1, -1),
(4, 1, 1, '3018-09-26', -1, -1),
(5, 1, 1, '3018-09-27', -1, -1),
(6, 1, 1, '3018-09-28', -1, -1),
(7, 1, 1, '3018-09-29', 26, 26),
(8, 1, 1, '3018-09-30', 27, 25),
(9, 1, 1, '3018-10-01', 28, 24),
(10, 1, 1, '3018-10-02', 29, 24),
(11, 1, 1, '3018-10-03', 30, 25),
(12, 1, 1, '3018-10-04', 30, 26),
(13, 1, 1, '3018-10-05', 31, 26),
(14, 1, 1, '3018-10-06', 32, 26),
(15, 1, 1, '3018-10-07', 33, 26),
(16, 1, 1, '3018-10-08', 33, 25),
(17, 1, 1, '3018-10-09', 34, 24),
(18, 1, 1, '3018-10-10', 35, 24),
(19, 1, 1, '3018-10-11', 36, 24),
(20, 1, 1, '3018-10-12', 36, 25),
(21, 1, 1, '3018-10-13', 36, 26),
(22, 1, 1, '3018-10-14', 37, 26),
(23, 1, 1, '3018-10-15', 37, 27),
(24, 1, 1, '3018-10-16', 38, 27),
(25, 1, 1, '3018-10-17', 39, 27),
(26, 1, 1, '3018-10-18', 40, 27),
(27, 1, 1, '3018-10-19', 40, 26),
(28, 1, 1, '3018-10-20', 41, 26),
(29, 1, 1, '3018-10-21', 41, 26),
(30, 1, 1, '3018-10-22', 41, 26),
(31, 1, 1, '3018-10-23', 41, 26),
(32, 1, 1, '3018-10-24', 41, 26),
(33, 1, 1, '3018-10-25', 41, 26),
(34, 1, 1, '3018-10-26', 41, 26),
(35, 1, 1, '3018-10-27', 41, 26),
(36, 1, 1, '3018-10-28', 41, 26),
(37, 1, 1, '3018-10-29', 41, 26),
(38, 1, 1, '3018-10-30', 41, 26),
(39, 1, 1, '3018-10-31', 41, 26),
(40, 1, 1, '3018-11-01', 41, 26),
(41, 1, 1, '3018-11-02', 41, 26),
(42, 1, 1, '3018-11-03', 41, 26),
(43, 1, 1, '3018-11-04', 41, 26),
(44, 1, 1, '3018-11-05', 41, 26),
(45, 1, 1, '3018-11-06', 41, 26),
(46, 1, 1, '3018-11-07', 41, 26),
(47, 1, 1, '3018-11-08', 41, 26),
(48, 1, 1, '3018-11-09', 41, 26),
(49, 1, 1, '3018-11-10', 41, 26),
(50, 1, 1, '3018-11-11', 41, 26),
(51, 1, 1, '3018-11-12', 41, 26),
(52, 1, 1, '3018-11-13', 41, 26),
(53, 1, 1, '3018-11-14', 41, 26),
(54, 1, 1, '3018-11-15', 41, 26),
(55, 1, 1, '3018-11-16', 41, 26),
(56, 1, 1, '3018-11-17', 41, 26),
(57, 1, 1, '3018-11-18', 41, 26),
(58, 1, 1, '3018-11-19', 41, 26),
(59, 1, 1, '3018-11-20', 41, 26),
(60, 1, 1, '3018-11-21', 41, 26),
(61, 1, 1, '3018-11-22', 41, 26),
(62, 1, 1, '3018-11-23', 41, 26),
(63, 1, 1, '3018-11-24', 41, 26),
(64, 1, 1, '3018-11-25', 41, 26),
(65, 1, 1, '3018-11-26', 41, 26),
(66, 1, 1, '3018-11-27', 41, 26),
(67, 1, 1, '3018-11-28', 41, 26),
(68, 1, 1, '3018-11-29', 41, 26),
(69, 1, 1, '3018-11-30', 41, 26),
(70, 1, 1, '3018-12-01', 41, 26),
(71, 1, 1, '3018-12-02', 41, 26),
(72, 1, 1, '3018-12-03', 41, 26),
(73, 1, 1, '3018-12-04', 41, 26),
(74, 1, 1, '3018-12-05', 41, 26),
(75, 1, 1, '3018-12-06', 41, 26),
(76, 1, 1, '3018-12-07', 41, 26),
(77, 1, 1, '3018-12-08', 41, 26),
(78, 1, 1, '3018-12-09', 41, 26),
(79, 1, 1, '3018-12-10', 41, 26),
(80, 1, 1, '3018-12-11', 41, 26),
(81, 1, 1, '3018-12-12', 41, 26),
(82, 1, 1, '3018-12-13', 41, 26),
(83, 1, 1, '3018-12-14', 41, 26),
(84, 1, 1, '3018-12-15', 41, 26),
(85, 1, 1, '3018-12-16', 41, 26),
(86, 1, 1, '3018-12-17', 41, 26),
(87, 1, 1, '3018-12-18', 41, 26),
(88, 1, 1, '3018-12-19', 41, 26),
(89, 1, 1, '3018-12-20', 41, 26),
(90, 1, 1, '3018-12-21', 41, 26),
(91, 1, 1, '3018-12-22', 41, 26),
(92, 1, 1, '3018-12-23', 41, 26),
(93, 1, 1, '3018-12-24', 41, 26),
(94, 1, 1, '3018-12-25', 41, 26),
(95, 1, 1, '3018-12-26', 42, 26),
(96, 1, 1, '3018-12-27', 42, 25),
(97, 1, 1, '3018-12-28', 43, 25),
(98, 1, 1, '3018-12-29', 44, 25),
(99, 1, 1, '3018-12-30', 44, 26),
(100, 1, 1, '3018-12-31', 45, 26),
(101, 1, 1, '3019-01-01', 45, 27),
(102, 1, 1, '3019-01-02', 44, 28),
(103, 1, 1, '3019-01-03', 43, 29),
(104, 1, 1, '3019-01-04', 43, 30),
(105, 1, 1, '3019-01-05', 44, 30),
(106, 1, 1, '3019-01-06', 45, 30),
(107, 1, 1, '3019-01-07', 45, 31),
(108, 1, 1, '3019-01-08', 45, 32),
(109, 1, 1, '3019-01-09', 44, 32),
(110, 1, 1, '3019-01-10', 43, 33),
(111, 1, 1, '3019-01-11', 42, 33),
(112, 1, 1, '3019-01-12', 42, 34),
(113, 1, 1, '3019-01-13', 41, 35),
(114, 1, 1, '3019-01-14', 41, 35),
(115, 1, 1, '3019-01-15', 41, 35),
(116, 1, 1, '3019-01-16', 46, 37),
(117, 1, 1, '3019-01-17', 48, 37),
(118, 1, 1, '3019-01-18', 48, 37),
(119, 1, 1, '3019-01-19', 48, 37),
(120, 1, 1, '3019-01-20', 48, 37),
(121, 1, 1, '3019-01-21', 48, 37),
(122, 1, 1, '3019-01-22', 48, 37),
(123, 1, 1, '3019-01-23', 48, 37),
(124, 1, 1, '3019-01-24', 48, 37),
(125, 1, 1, '3019-01-25', 48, 37),
(126, 1, 1, '3019-01-26', 48, 37),
(127, 1, 1, '3019-01-27', 48, 37),
(128, 1, 1, '3019-01-28', 48, 37),
(129, 1, 1, '3019-01-29', 48, 37),
(130, 1, 1, '3019-01-30', 48, 37),
(131, 1, 1, '3019-01-31', 48, 37),
(132, 1, 1, '3019-02-01', 48, 37),
(133, 1, 1, '3019-02-02', 48, 37),
(134, 1, 1, '3019-02-03', 48, 37),
(135, 1, 1, '3019-02-04', 48, 37),
(136, 1, 1, '3019-02-05', 48, 37),
(137, 1, 1, '3019-02-06', 48, 37),
(138, 1, 1, '3019-02-07', 48, 37),
(139, 1, 1, '3019-02-08', 48, 37),
(140, 1, 1, '3019-02-09', 48, 37),
(141, 1, 1, '3019-02-10', 48, 37),
(142, 1, 1, '3019-02-11', 48, 37),
(143, 1, 1, '3019-02-12', 48, 37),
(144, 1, 1, '3019-02-13', 48, 37),
(145, 1, 1, '3019-02-14', 48, 37),
(146, 1, 1, '3019-02-15', 48, 37),
(147, 1, 1, '3019-02-16', 48, 37),
(148, 1, 1, '3019-02-17', 50, 38),
(149, 1, 1, '3019-02-18', 51, 40),
(150, 1, 1, '3019-02-19', 53, 39),
(151, 1, 1, '3019-02-20', 54, 40),
(152, 1, 1, '3019-02-21', 54, 41),
(153, 1, 1, '3019-02-22', 55, 42),
(154, 1, 1, '3019-02-23', 56, 43),
(155, 1, 1, '3019-02-24', 55, 44),
(156, 1, 1, '3019-02-25', 56, 46),
(157, 1, 1, '3019-02-26', 54, 49),
(158, 1, 1, '3019-02-27', 54, 51),
(159, 1, 1, '3019-02-28', 51, 49),
(160, 1, 1, '3019-03-01', 43, 45),
(161, 1, 1, '3019-03-02', 42, 53),
(162, 1, 1, '3019-03-03', 38, 52),
(163, 1, 1, '3019-03-04', 38, 52),
(164, 1, 1, '3019-03-05', 37, 46),
(165, 1, 1, '3019-03-06', 38, 54),
(166, 1, 1, '3019-03-07', 42, 56),
(167, 1, 1, '3019-03-08', 40, 57),
(168, 1, 1, '3019-03-09', 43, 62),
(169, 1, 1, '3019-03-10', 46, 64),
(170, 1, 1, '3019-03-11', 50, 65),
(171, 1, 1, '3019-03-12', 54, 68),
(172, 1, 1, '3019-03-13', 54, 69),
(173, 1, 1, '3019-03-14', 58, 65),
(174, 1, 1, '3019-03-15', 59, 60),
(175, 1, 1, '3019-03-16', 59, 60),
(176, 1, 1, '3019-03-17', 59, 60),
(177, 1, 1, '3019-03-18', 59, 60),
(178, 1, 1, '3019-03-19', 62, 59),
(179, 1, 1, '3019-03-20', 63, 57),
(180, 1, 1, '3019-03-21', 63, 56),
(181, 1, 1, '3019-03-22', 63, 55),
(182, 1, 1, '3019-03-23', 64, 53),
(183, 1, 1, '3019-03-24', 66, 51),
(184, 1, 1, '3019-03-25', 69, 52),
(185, 2, 1, '3018-09-23', -1, -1),
(186, 2, 1, '3018-09-24', -1, -1),
(187, 2, 1, '3018-09-25', -1, -1),
(188, 2, 1, '3018-09-26', -1, -1),
(189, 2, 1, '3018-09-27', -1, -1),
(190, 2, 1, '3018-09-28', -1, -1),
(191, 2, 1, '3018-09-29', -1, -1),
(192, 2, 1, '3018-09-30', -1, -1),
(193, 2, 1, '3018-10-01', -1, -1),
(194, 2, 1, '3018-10-02', -1, -1),
(195, 2, 1, '3018-10-03', -1, -1),
(196, 2, 1, '3018-10-04', -1, -1),
(197, 2, 1, '3018-10-05', -1, -1),
(198, 2, 1, '3018-10-06', -1, -1),
(199, 2, 1, '3018-10-07', -1, -1),
(200, 2, 1, '3018-10-08', -1, -1),
(201, 2, 1, '3018-10-09', -1, -1),
(202, 2, 1, '3018-10-10', -1, -1),
(203, 2, 1, '3018-10-11', -1, -1),
(204, 2, 1, '3018-10-12', -1, -1),
(205, 2, 1, '3018-10-13', -1, -1),
(206, 2, 1, '3018-10-14', -1, -1),
(207, 2, 1, '3018-10-15', -1, -1),
(208, 2, 1, '3018-10-16', -1, -1),
(209, 2, 1, '3018-10-17', -1, -1),
(210, 2, 1, '3018-10-18', -1, -1),
(211, 2, 1, '3018-10-19', -1, -1),
(212, 2, 1, '3018-10-20', -1, -1),
(213, 2, 1, '3018-10-21', -1, -1),
(214, 2, 1, '3018-10-22', -1, -1),
(215, 2, 1, '3018-10-23', -1, -1),
(216, 2, 1, '3018-10-24', 41, 26),
(217, 2, 1, '3018-10-25', 41, 26),
(218, 2, 1, '3018-10-26', 41, 26),
(219, 2, 1, '3018-10-27', 41, 26),
(220, 2, 1, '3018-10-28', 41, 26),
(221, 2, 1, '3018-10-29', 41, 26),
(222, 2, 1, '3018-10-30', 41, 26),
(223, 2, 1, '3018-10-31', 41, 26),
(224, 2, 1, '3018-11-01', 41, 26),
(225, 2, 1, '3018-11-02', 41, 26),
(226, 2, 1, '3018-11-03', 41, 26),
(227, 2, 1, '3018-11-04', 41, 26),
(228, 2, 1, '3018-11-05', 41, 26),
(229, 2, 1, '3018-11-06', 41, 26),
(230, 2, 1, '3018-11-07', 41, 26),
(231, 2, 1, '3018-11-08', 41, 26),
(232, 2, 1, '3018-11-09', 41, 26),
(233, 2, 1, '3018-11-10', 41, 26),
(234, 2, 1, '3018-11-11', 41, 26),
(235, 2, 1, '3018-11-12', 41, 26),
(236, 2, 1, '3018-11-13', 41, 26),
(237, 2, 1, '3018-11-14', 41, 26),
(238, 2, 1, '3018-11-15', 41, 26),
(239, 2, 1, '3018-11-16', 41, 26),
(240, 2, 1, '3018-11-17', 41, 26),
(241, 2, 1, '3018-11-18', 41, 26),
(242, 2, 1, '3018-11-19', 41, 26),
(243, 2, 1, '3018-11-20', 41, 26),
(244, 2, 1, '3018-11-21', 41, 26),
(245, 2, 1, '3018-11-22', 41, 26),
(246, 2, 1, '3018-11-23', 41, 26),
(247, 2, 1, '3018-11-24', 41, 26),
(248, 2, 1, '3018-11-25', 41, 26),
(249, 2, 1, '3018-11-26', 41, 26),
(250, 2, 1, '3018-11-27', 41, 26),
(251, 2, 1, '3018-11-28', 41, 26),
(252, 2, 1, '3018-11-29', 41, 26),
(253, 2, 1, '3018-11-30', 41, 26),
(254, 2, 1, '3018-12-01', 41, 26),
(255, 2, 1, '3018-12-02', 41, 26),
(256, 2, 1, '3018-12-03', 41, 26),
(257, 2, 1, '3018-12-04', 41, 26),
(258, 2, 1, '3018-12-05', 41, 26),
(259, 2, 1, '3018-12-06', 41, 26),
(260, 2, 1, '3018-12-07', 41, 26),
(261, 2, 1, '3018-12-08', 41, 26),
(262, 2, 1, '3018-12-09', 41, 26),
(263, 2, 1, '3018-12-10', 41, 26),
(264, 2, 1, '3018-12-11', 41, 26),
(265, 2, 1, '3018-12-12', 41, 26),
(266, 2, 1, '3018-12-13', 41, 26),
(267, 2, 1, '3018-12-14', 41, 26),
(268, 2, 1, '3018-12-15', 41, 26),
(269, 2, 1, '3018-12-16', 41, 26),
(270, 2, 1, '3018-12-17', 41, 26),
(271, 2, 1, '3018-12-18', 41, 26),
(272, 2, 1, '3018-12-19', 41, 26),
(273, 2, 1, '3018-12-20', 41, 26),
(274, 2, 1, '3018-12-21', 41, 26),
(275, 2, 1, '3018-12-22', 41, 26),
(276, 2, 1, '3018-12-23', 41, 26),
(277, 2, 1, '3018-12-24', 41, 26),
(278, 2, 1, '3018-12-25', 41, 26),
(279, 2, 1, '3018-12-26', 42, 26),
(280, 2, 1, '3018-12-27', 42, 25),
(281, 2, 1, '3018-12-28', 43, 25),
(282, 2, 1, '3018-12-29', 44, 25),
(283, 2, 1, '3018-12-30', 44, 26),
(284, 2, 1, '3018-12-31', 45, 26),
(285, 2, 1, '3019-01-01', 45, 27),
(286, 2, 1, '3019-01-02', 44, 28),
(287, 2, 1, '3019-01-03', 43, 29),
(288, 2, 1, '3019-01-04', 43, 30),
(289, 2, 1, '3019-01-05', 44, 30),
(290, 2, 1, '3019-01-06', 45, 30),
(291, 2, 1, '3019-01-07', 45, 31),
(292, 2, 1, '3019-01-08', 45, 32),
(293, 2, 1, '3019-01-09', 44, 32),
(294, 2, 1, '3019-01-10', 43, 33),
(295, 2, 1, '3019-01-11', 42, 33),
(296, 2, 1, '3019-01-12', 42, 34),
(297, 2, 1, '3019-01-13', 41, 35),
(298, 2, 1, '3019-01-14', 41, 35),
(299, 2, 1, '3019-01-15', 41, 35),
(300, 2, 1, '3019-01-16', 46, 37),
(301, 2, 1, '3019-01-17', 48, 37),
(302, 2, 1, '3019-01-18', 48, 37),
(303, 2, 1, '3019-01-19', 48, 37),
(304, 2, 1, '3019-01-20', 48, 37),
(305, 2, 1, '3019-01-21', 48, 37),
(306, 2, 1, '3019-01-22', 48, 37),
(307, 2, 1, '3019-01-23', 48, 37),
(308, 2, 1, '3019-01-24', 48, 37),
(309, 2, 1, '3019-01-25', 48, 37),
(310, 2, 1, '3019-01-26', 48, 37),
(311, 2, 1, '3019-01-27', 48, 37),
(312, 2, 1, '3019-01-28', 48, 37),
(313, 2, 1, '3019-01-29', 48, 37),
(314, 2, 1, '3019-01-30', 48, 37),
(315, 2, 1, '3019-01-31', 48, 37),
(316, 2, 1, '3019-02-01', 48, 37),
(317, 2, 1, '3019-02-02', 48, 37),
(318, 2, 1, '3019-02-03', 48, 37),
(319, 2, 1, '3019-02-04', 48, 37),
(320, 2, 1, '3019-02-05', 48, 37),
(321, 2, 1, '3019-02-06', 48, 37),
(322, 2, 1, '3019-02-07', 48, 37),
(323, 2, 1, '3019-02-08', 48, 37),
(324, 2, 1, '3019-02-09', 48, 37),
(325, 2, 1, '3019-02-10', 48, 37),
(326, 2, 1, '3019-02-11', 48, 37),
(327, 2, 1, '3019-02-12', 48, 37),
(328, 2, 1, '3019-02-13', 48, 37),
(329, 2, 1, '3019-02-14', 48, 37),
(330, 2, 1, '3019-02-15', 48, 37),
(331, 2, 1, '3019-02-16', 48, 37),
(332, 2, 1, '3019-02-17', 50, 38),
(333, 2, 1, '3019-02-18', 51, 40),
(334, 2, 1, '3019-02-19', 53, 39),
(335, 2, 1, '3019-02-20', 54, 40),
(336, 2, 1, '3019-02-21', 54, 41),
(337, 2, 1, '3019-02-22', 55, 42),
(338, 2, 1, '3019-02-23', 56, 43),
(339, 2, 1, '3019-02-24', 55, 44),
(340, 2, 1, '3019-02-25', 56, 46),
(341, 2, 3, '3019-02-26', 54, 49),
(342, 2, 3, '3019-02-27', 55, 52),
(343, 2, 3, '3019-02-28', 58, 55),
(344, 2, 3, '3019-03-01', 60, 57),
(345, 2, 3, '3019-03-02', 61, 56),
(346, 2, 3, '3019-03-03', 61, 56),
(347, 2, 3, '3019-03-04', 61, 56),
(348, 2, 3, '3019-03-05', 61, 56),
(349, 2, 3, '3019-03-06', 61, 56),
(350, 2, 3, '3019-03-07', 61, 56),
(351, 2, 3, '3019-03-08', 61, 56),
(352, 2, 3, '3019-03-09', 61, 56),
(353, 2, 3, '3019-03-10', 61, 56),
(354, 2, 3, '3019-03-11', 61, 56),
(355, 2, 3, '3019-03-12', 61, 56),
(356, 2, 3, '3019-03-13', 61, 56),
(357, 2, 3, '3019-03-14', 61, 56),
(358, 2, 3, '3019-03-15', 61, 56),
(359, 2, 3, '3019-03-16', 61, 56),
(360, 2, 3, '3019-03-17', 61, 56),
(361, 2, 3, '3019-03-18', 61, 56),
(362, 2, 3, '3019-03-19', 61, 56),
(363, 2, 3, '3019-03-20', 61, 56),
(364, 2, 3, '3019-03-21', 61, 56),
(365, 2, 3, '3019-03-22', 61, 56),
(366, 2, 3, '3019-03-23', 61, 56),
(367, 2, 3, '3019-03-24', 61, 56),
(368, 2, 3, '3019-03-25', 61, 56),
(369, 3, 1, '3018-09-23', 13, 24),
(370, 3, 1, '3018-09-24', 15, 24),
(371, 3, 1, '3018-09-25', 18, 24),
(372, 3, 1, '3018-09-26', 20, 22),
(373, 3, 1, '3018-09-27', 22, 23),
(374, 3, 1, '3018-09-28', 24, 25),
(375, 3, 1, '3018-09-29', 26, 26),
(376, 3, 1, '3018-09-30', 27, 25),
(377, 3, 1, '3018-10-01', 28, 24),
(378, 3, 1, '3018-10-02', 29, 24),
(379, 3, 1, '3018-10-03', 30, 25),
(380, 3, 1, '3018-10-04', 30, 26),
(381, 3, 1, '3018-10-05', 31, 26),
(382, 3, 2, '3018-10-06', 32, 26),
(383, 3, 2, '3018-10-07', 33, 26),
(384, 3, 2, '3018-10-08', 33, 25),
(385, 3, 2, '3018-10-09', 34, 24),
(386, 3, 2, '3018-10-10', 36, 25),
(387, 3, 2, '3018-10-11', 38, 26),
(388, 3, 1, '3018-10-12', 41, 26),
(389, 3, 1, '3018-10-13', 41, 26),
(390, 3, 1, '3018-10-14', 41, 26),
(391, 3, 1, '3018-10-15', 41, 26),
(392, 3, 1, '3018-10-16', 41, 26),
(393, 3, 1, '3018-10-17', 41, 26),
(394, 3, 1, '3018-10-18', 41, 26),
(395, 3, 1, '3018-10-19', 41, 26),
(396, 3, 1, '3018-10-20', 41, 26),
(397, 3, 1, '3018-10-21', 41, 26),
(398, 3, 1, '3018-10-22', 41, 26),
(399, 3, 1, '3018-10-23', 41, 26),
(400, 3, 1, '3018-10-24', 41, 26),
(401, 3, 1, '3018-10-25', 41, 26),
(402, 3, 1, '3018-10-26', 41, 26),
(403, 3, 1, '3018-10-27', 41, 26),
(404, 3, 1, '3018-10-28', 41, 26),
(405, 3, 1, '3018-10-29', 41, 26),
(406, 3, 1, '3018-10-30', 41, 26),
(407, 3, 1, '3018-10-31', 41, 26),
(408, 3, 1, '3018-11-01', 41, 26),
(409, 3, 1, '3018-11-02', 41, 26),
(410, 3, 1, '3018-11-03', 41, 26),
(411, 3, 1, '3018-11-04', 41, 26),
(412, 3, 1, '3018-11-05', 41, 26),
(413, 3, 1, '3018-11-06', 41, 26),
(414, 3, 1, '3018-11-07', 41, 26),
(415, 3, 1, '3018-11-08', 41, 26),
(416, 3, 1, '3018-11-09', 41, 26),
(417, 3, 1, '3018-11-10', 41, 26),
(418, 3, 1, '3018-11-11', 41, 26),
(419, 3, 1, '3018-11-12', 41, 26),
(420, 3, 1, '3018-11-13', 41, 26),
(421, 3, 1, '3018-11-14', 41, 26),
(422, 3, 1, '3018-11-15', 41, 26),
(423, 3, 1, '3018-11-16', 41, 26),
(424, 3, 1, '3018-11-17', 41, 26),
(425, 3, 1, '3018-11-18', 41, 26),
(426, 3, 1, '3018-11-19', 41, 26),
(427, 3, 1, '3018-11-20', 41, 26),
(428, 3, 1, '3018-11-21', 41, 26),
(429, 3, 1, '3018-11-22', 41, 26),
(430, 3, 1, '3018-11-23', 41, 26),
(431, 3, 1, '3018-11-24', 41, 26),
(432, 3, 1, '3018-11-25', 41, 26),
(433, 3, 1, '3018-11-26', 41, 26),
(434, 3, 1, '3018-11-27', 41, 26),
(435, 3, 1, '3018-11-28', 41, 26),
(436, 3, 1, '3018-11-29', 41, 26),
(437, 3, 1, '3018-11-30', 41, 26),
(438, 3, 1, '3018-12-01', 41, 26),
(439, 3, 1, '3018-12-02', 41, 26),
(440, 3, 1, '3018-12-03', 41, 26),
(441, 3, 1, '3018-12-04', 41, 26),
(442, 3, 1, '3018-12-05', 41, 26),
(443, 3, 1, '3018-12-06', 41, 26),
(444, 3, 1, '3018-12-07', 41, 26),
(445, 3, 1, '3018-12-08', 41, 26),
(446, 3, 1, '3018-12-09', 41, 26),
(447, 3, 1, '3018-12-10', 41, 26),
(448, 3, 1, '3018-12-11', 41, 26),
(449, 3, 1, '3018-12-12', 41, 26),
(450, 3, 1, '3018-12-13', 41, 26),
(451, 3, 1, '3018-12-14', 41, 26),
(452, 3, 1, '3018-12-15', 41, 26),
(453, 3, 1, '3018-12-16', 41, 26),
(454, 3, 1, '3018-12-17', 41, 26),
(455, 3, 1, '3018-12-18', 41, 26),
(456, 3, 1, '3018-12-19', 41, 26),
(457, 3, 1, '3018-12-20', 41, 26),
(458, 3, 1, '3018-12-21', 41, 26),
(459, 3, 1, '3018-12-22', 41, 26),
(460, 3, 1, '3018-12-23', 41, 26),
(461, 3, 1, '3018-12-24', 41, 26),
(462, 3, 1, '3018-12-25', 41, 26),
(463, 3, 1, '3018-12-26', 42, 26),
(464, 3, 1, '3018-12-27', 42, 25),
(465, 3, 1, '3018-12-28', 43, 25),
(466, 3, 1, '3018-12-29', 44, 25),
(467, 3, 1, '3018-12-30', 44, 26),
(468, 3, 1, '3018-12-31', 45, 26),
(469, 3, 1, '3019-01-01', 45, 27),
(470, 3, 1, '3019-01-02', 44, 28),
(471, 3, 1, '3019-01-03', 43, 29),
(472, 3, 1, '3019-01-04', 43, 30),
(473, 3, 1, '3019-01-05', 44, 30),
(474, 3, 1, '3019-01-06', 45, 30),
(475, 3, 1, '3019-01-07', 45, 31),
(476, 3, 1, '3019-01-08', 45, 32),
(477, 3, 1, '3019-01-09', 44, 32),
(478, 3, 1, '3019-01-10', 43, 33),
(479, 3, 1, '3019-01-11', 42, 33),
(480, 3, 1, '3019-01-12', 42, 34),
(481, 3, 1, '3019-01-13', 41, 35),
(482, 3, 1, '3019-01-14', 41, 35),
(483, 3, 1, '3019-01-15', 41, 35),
(484, 3, 1, '3019-01-16', 48, 37),
(485, 3, 1, '3019-01-17', 48, 37),
(486, 3, 1, '3019-01-18', 48, 37),
(487, 3, 1, '3019-01-19', 48, 37),
(488, 3, 1, '3019-01-20', 48, 37),
(489, 3, 1, '3019-01-21', 48, 37),
(490, 3, 1, '3019-01-22', 48, 37),
(491, 3, 1, '3019-01-23', 48, 37),
(492, 3, 1, '3019-01-24', 48, 37),
(493, 3, 1, '3019-01-25', 48, 37),
(494, 3, 1, '3019-01-26', 48, 37),
(495, 3, 1, '3019-01-27', 48, 37),
(496, 3, 1, '3019-01-28', 48, 37),
(497, 3, 1, '3019-01-29', 48, 37),
(498, 3, 1, '3019-01-30', 48, 37),
(499, 3, 1, '3019-01-31', 48, 37),
(500, 3, 1, '3019-02-01', 48, 37),
(501, 3, 1, '3019-02-02', 48, 37),
(502, 3, 1, '3019-02-03', 48, 37),
(503, 3, 1, '3019-02-04', 48, 37),
(504, 3, 1, '3019-02-05', 48, 37),
(505, 3, 1, '3019-02-06', 48, 37),
(506, 3, 1, '3019-02-07', 48, 37),
(507, 3, 1, '3019-02-08', 48, 37),
(508, 3, 1, '3019-02-09', 48, 37),
(509, 3, 1, '3019-02-10', 48, 37),
(510, 3, 1, '3019-02-11', 48, 37),
(511, 3, 1, '3019-02-12', 48, 37),
(512, 3, 1, '3019-02-13', 48, 37),
(513, 3, 1, '3019-02-14', 48, 37),
(514, 3, 1, '3019-02-15', 48, 37),
(515, 3, 1, '3019-02-16', 48, 37),
(516, 3, 1, '3019-02-17', 50, 38),
(517, 3, 1, '3019-02-18', 51, 40),
(518, 3, 1, '3019-02-19', 53, 39),
(519, 3, 1, '3019-02-20', 54, 40),
(520, 3, 1, '3019-02-21', 54, 41),
(521, 3, 1, '3019-02-22', 55, 42),
(522, 3, 1, '3019-02-23', 56, 43),
(523, 3, 1, '3019-02-24', 55, 44),
(524, 3, 1, '3019-02-25', 56, 46),
(525, 3, 1, '3019-02-26', 57, 49),
(526, 3, 1, '3019-02-27', 59, 47),
(527, 3, 1, '3019-02-28', 59, 47),
(528, 3, 1, '3019-03-01', 64, 49),
(529, 3, 1, '3019-03-02', 64, 49),
(530, 3, 1, '3019-03-03', 67, 50),
(531, 3, 1, '3019-03-04', 68, 51),
(532, 3, 1, '3019-03-05', 65, 52),
(533, 3, 1, '3019-03-06', 65, 54),
(534, 3, 1, '3019-03-07', 63, 55),
(535, 3, 1, '3019-03-08', 63, 57),
(536, 3, 1, '3019-03-09', 64, 59),
(537, 3, 1, '3019-03-10', 64, 61),
(538, 3, 1, '3019-03-11', 66, 61),
(539, 3, 1, '3019-03-12', 66, 61),
(540, 3, 1, '3019-03-13', 67, 61),
(541, 3, 1, '3019-03-14', 67, 59),
(542, 3, 1, '3019-03-15', 68, 56),
(543, 3, 1, '3019-03-16', 67, 52),
(544, 3, 1, '3019-03-17', 69, 53),
(545, 3, 1, '3019-03-18', 70, 53),
(546, 3, 1, '3019-03-19', 71, 54),
(547, 3, 1, '3019-03-20', 71, 55),
(548, 3, 1, '3019-03-21', 71, 56),
(549, 3, 1, '3019-03-22', 72, 56),
(550, 3, 1, '3019-03-23', 73, 57),
(551, 3, 1, '3019-03-24', 73, 58),
(552, 3, 5, '3019-03-25', 75, 58),
(553, 4, 1, '3018-09-23', -1, -1),
(554, 4, 1, '3018-09-24', 35, 49),
(555, 4, 1, '3018-09-25', 31, 47),
(556, 4, 1, '3018-09-26', 29, 43),
(557, 4, 1, '3018-09-27', 24, 42),
(558, 4, 1, '3018-09-28', 22, 32),
(559, 4, 1, '3018-09-29', 13, 24),
(560, 4, 1, '3018-09-30', 26, 26),
(561, 4, 1, '3018-10-01', 26, 26),
(562, 4, 1, '3018-10-02', 31, 22),
(563, 4, 1, '3018-10-03', 31, 22),
(564, 4, 1, '3018-10-04', 31, 22),
(565, 4, 1, '3018-10-05', 31, 22),
(566, 4, 1, '3018-10-06', 31, 22),
(567, 4, 1, '3018-10-07', 31, 22),
(568, 4, 1, '3018-10-08', 31, 22),
(569, 4, 1, '3018-10-09', 31, 22),
(570, 4, 1, '3018-10-10', 31, 22),
(571, 4, 1, '3018-10-11', 31, 22),
(572, 4, 1, '3018-10-12', 31, 22),
(573, 4, 1, '3018-10-13', 31, 22),
(574, 4, 1, '3018-10-14', 31, 22),
(575, 4, 1, '3018-10-15', 31, 22),
(576, 4, 1, '3018-10-16', 31, 22),
(577, 4, 1, '3018-10-17', 31, 22),
(578, 4, 1, '3018-10-18', 41, 26),
(579, 4, 1, '3018-10-19', 41, 26),
(580, 4, 1, '3018-10-20', 41, 26),
(581, 4, 1, '3018-10-21', 41, 26),
(582, 4, 1, '3018-10-22', 41, 26),
(583, 4, 1, '3018-10-23', 41, 26),
(584, 4, 1, '3018-10-24', 41, 26),
(585, 4, 1, '3018-10-25', 41, 26),
(586, 4, 1, '3018-10-26', 41, 26),
(587, 4, 1, '3018-10-27', 41, 26),
(588, 4, 1, '3018-10-28', 41, 26),
(589, 4, 1, '3018-10-29', 41, 26),
(590, 4, 1, '3018-10-30', 41, 26),
(591, 4, 1, '3018-10-31', 41, 26),
(592, 4, 1, '3018-11-01', 41, 26),
(593, 4, 1, '3018-11-02', 41, 26),
(594, 4, 1, '3018-11-03', 41, 26),
(595, 4, 1, '3018-11-04', 41, 26),
(596, 4, 1, '3018-11-05', 41, 26),
(597, 4, 1, '3018-11-06', 41, 26),
(598, 4, 1, '3018-11-07', 41, 26),
(599, 4, 1, '3018-11-08', 41, 26),
(600, 4, 1, '3018-11-09', 41, 26),
(601, 4, 1, '3018-11-10', 41, 26),
(602, 4, 1, '3018-11-11', 41, 26),
(603, 4, 1, '3018-11-12', 41, 26),
(604, 4, 1, '3018-11-13', 41, 26),
(605, 4, 1, '3018-11-14', 41, 26),
(606, 4, 1, '3018-11-15', 41, 26),
(607, 4, 1, '3018-11-16', 41, 26),
(608, 4, 1, '3018-11-17', 41, 26),
(609, 4, 1, '3018-11-18', 41, 26),
(610, 4, 1, '3018-11-19', 41, 26),
(611, 4, 1, '3018-11-20', 41, 26),
(612, 4, 1, '3018-11-21', 41, 26),
(613, 4, 1, '3018-11-22', 41, 26),
(614, 4, 1, '3018-11-23', 41, 26),
(615, 4, 1, '3018-11-24', 41, 26),
(616, 4, 1, '3018-11-25', 41, 26),
(617, 4, 1, '3018-11-26', 41, 26),
(618, 4, 1, '3018-11-27', 41, 26),
(619, 4, 1, '3018-11-28', 41, 26),
(620, 4, 1, '3018-11-29', 41, 26),
(621, 4, 1, '3018-11-30', 41, 26),
(622, 4, 1, '3018-12-01', 41, 26),
(623, 4, 1, '3018-12-02', 41, 26),
(624, 4, 1, '3018-12-03', 41, 26),
(625, 4, 1, '3018-12-04', 41, 26),
(626, 4, 1, '3018-12-05', 41, 26),
(627, 4, 1, '3018-12-06', 41, 26),
(628, 4, 1, '3018-12-07', 41, 26),
(629, 4, 1, '3018-12-08', 41, 26),
(630, 4, 1, '3018-12-09', 41, 26),
(631, 4, 1, '3018-12-10', 41, 26),
(632, 4, 1, '3018-12-11', 41, 26),
(633, 4, 1, '3018-12-12', 41, 26),
(634, 4, 1, '3018-12-13', 41, 26),
(635, 4, 1, '3018-12-14', 41, 26),
(636, 4, 1, '3018-12-15', 41, 26),
(637, 4, 1, '3018-12-16', 41, 26),
(638, 4, 1, '3018-12-17', 41, 26),
(639, 4, 1, '3018-12-18', 41, 26),
(640, 4, 1, '3018-12-19', 41, 26),
(641, 4, 1, '3018-12-20', 41, 26),
(642, 4, 1, '3018-12-21', 41, 26),
(643, 4, 1, '3018-12-22', 41, 26),
(644, 4, 1, '3018-12-23', 41, 26),
(645, 4, 1, '3018-12-24', 41, 26),
(646, 4, 1, '3018-12-25', 41, 26),
(647, 4, 1, '3018-12-26', 42, 26),
(648, 4, 1, '3018-12-27', 42, 25),
(649, 4, 1, '3018-12-28', 43, 25),
(650, 4, 1, '3018-12-29', 44, 25),
(651, 4, 1, '3018-12-30', 44, 26),
(652, 4, 1, '3018-12-31', 45, 26),
(653, 4, 1, '3019-01-01', 45, 27),
(654, 4, 1, '3019-01-02', 44, 28),
(655, 4, 1, '3019-01-03', 43, 29),
(656, 4, 1, '3019-01-04', 43, 30),
(657, 4, 1, '3019-01-05', 44, 30),
(658, 4, 1, '3019-01-06', 45, 30),
(659, 4, 1, '3019-01-07', 45, 31),
(660, 4, 1, '3019-01-08', 45, 32),
(661, 4, 1, '3019-01-09', 44, 32),
(662, 4, 1, '3019-01-10', 43, 33),
(663, 4, 1, '3019-01-11', 42, 33),
(664, 4, 1, '3019-01-12', 42, 34),
(665, 4, 1, '3019-01-13', 41, 35),
(666, 4, 1, '3019-01-14', 41, 35),
(667, 4, 1, '3019-01-15', 41, 35),
(668, 4, 1, '3019-01-16', 41, 35),
(669, 4, 1, '3019-01-17', 41, 35),
(670, 4, 1, '3019-01-18', 41, 35),
(671, 4, 1, '3019-01-19', 41, 35),
(672, 4, 1, '3019-01-20', 41, 35),
(673, 4, 1, '3019-01-21', 41, 35),
(674, 4, 1, '3019-01-22', 41, 35),
(675, 4, 1, '3019-01-23', 41, 35),
(676, 4, 1, '3019-01-24', 41, 35),
(677, 4, 4, '3019-01-25', 41, 35),
(678, 4, 4, '3019-01-26', 41, 35),
(679, 4, 4, '3019-01-27', 41, 35),
(680, 4, 4, '3019-01-28', 41, 35),
(681, 4, 4, '3019-01-29', 41, 35),
(682, 4, 4, '3019-01-30', 41, 35),
(683, 4, 4, '3019-01-31', 41, 35),
(684, 4, 4, '3019-02-01', 41, 35),
(685, 4, 4, '3019-02-02', 41, 35),
(686, 4, 4, '3019-02-03', 41, 35),
(687, 4, 4, '3019-02-04', 41, 35),
(688, 4, 4, '3019-02-05', 41, 35),
(689, 4, 4, '3019-02-06', 41, 35),
(690, 4, 4, '3019-02-07', 41, 35),
(691, 4, 4, '3019-02-08', 41, 35),
(692, 4, 4, '3019-02-09', 41, 35),
(693, 4, 4, '3019-02-10', 41, 35),
(694, 4, 4, '3019-02-11', 41, 35),
(695, 4, 4, '3019-02-12', 41, 35),
(696, 4, 4, '3019-02-13', 41, 35),
(697, 4, 4, '3019-02-14', 41, 35),
(698, 4, 4, '3019-02-15', 41, 35),
(699, 4, 1, '3019-02-16', -1, -1),
(700, 4, 1, '3019-02-17', -1, -1),
(701, 4, 1, '3019-02-18', -1, -1),
(702, 4, 1, '3019-02-19', -1, -1),
(703, 4, 1, '3019-02-20', -1, -1),
(704, 4, 1, '3019-02-21', -1, -1),
(705, 4, 1, '3019-02-22', -1, -1),
(706, 4, 1, '3019-02-23', -1, -1),
(707, 4, 1, '3019-02-24', -1, -1),
(708, 4, 1, '3019-02-25', -1, -1),
(709, 4, 1, '3019-02-26', -1, -1),
(710, 4, 1, '3019-02-27', -1, -1),
(711, 4, 1, '3019-02-28', -1, -1),
(712, 4, 1, '3019-03-01', 43, 45),
(713, 4, 1, '3019-03-02', 42, 53),
(714, 4, 1, '3019-03-03', 48, 50),
(715, 4, 1, '3019-03-04', 38, 52),
(716, 4, 1, '3019-03-05', 38, 52),
(717, 4, 1, '3019-03-06', 44, 54),
(718, 4, 1, '3019-03-07', 50, 57),
(719, 4, 1, '3019-03-08', 56, 57),
(720, 4, 1, '3019-03-09', 59, 60),
(721, 4, 1, '3019-03-10', 59, 60),
(722, 4, 1, '3019-03-11', 59, 60),
(723, 4, 1, '3019-03-12', 59, 60),
(724, 4, 1, '3019-03-13', 59, 60),
(725, 4, 1, '3019-03-14', 59, 60),
(726, 4, 1, '3019-03-15', 59, 60),
(727, 4, 1, '3019-03-16', 59, 60),
(728, 4, 1, '3019-03-17', 59, 60),
(729, 4, 1, '3019-03-18', 59, 60),
(730, 4, 1, '3019-03-19', 62, 59),
(731, 4, 1, '3019-03-20', 63, 57),
(732, 4, 1, '3019-03-21', 63, 56),
(733, 4, 1, '3019-03-22', 63, 55),
(734, 4, 1, '3019-03-23', 64, 53),
(735, 4, 1, '3019-03-24', 66, 51),
(736, 4, 1, '3019-03-25', 69, 52),
(737, 5, 1, '3018-09-23', -1, -1),
(738, 5, 1, '3018-09-24', -1, -1),
(739, 5, 1, '3018-09-25', -1, -1),
(740, 5, 1, '3018-09-26', -1, -1),
(741, 5, 1, '3018-09-27', -1, -1),
(742, 5, 1, '3018-09-28', -1, -1),
(743, 5, 1, '3018-09-29', -1, -1),
(744, 5, 1, '3018-09-30', -1, -1),
(745, 5, 1, '3018-10-01', -1, -1),
(746, 5, 1, '3018-10-02', -1, -1),
(747, 5, 1, '3018-10-03', -1, -1),
(748, 5, 1, '3018-10-04', -1, -1),
(749, 5, 1, '3018-10-05', -1, -1),
(750, 5, 1, '3018-10-06', -1, -1),
(751, 5, 1, '3018-10-07', -1, -1),
(752, 5, 1, '3018-10-08', -1, -1),
(753, 5, 1, '3018-10-09', -1, -1),
(754, 5, 1, '3018-10-10', -1, -1),
(755, 5, 1, '3018-10-11', -1, -1),
(756, 5, 1, '3018-10-12', -1, -1),
(757, 5, 1, '3018-10-13', -1, -1),
(758, 5, 1, '3018-10-14', -1, -1),
(759, 5, 1, '3018-10-15', -1, -1),
(760, 5, 1, '3018-10-16', -1, -1),
(761, 5, 1, '3018-10-17', -1, -1),
(762, 5, 1, '3018-10-18', -1, -1),
(763, 5, 1, '3018-10-19', -1, -1),
(764, 5, 1, '3018-10-20', -1, -1),
(765, 5, 1, '3018-10-21', -1, -1),
(766, 5, 1, '3018-10-22', -1, -1),
(767, 5, 1, '3018-10-23', -1, -1),
(768, 5, 1, '3018-10-24', -1, -1),
(769, 5, 1, '3018-10-25', 41, 26),
(770, 5, 1, '3018-10-26', 41, 26),
(771, 5, 1, '3018-10-27', 41, 26),
(772, 5, 1, '3018-10-28', 41, 26),
(773, 5, 1, '3018-10-29', 41, 26),
(774, 5, 1, '3018-10-30', 41, 26),
(775, 5, 1, '3018-10-31', 41, 26),
(776, 5, 1, '3018-11-01', 41, 26),
(777, 5, 1, '3018-11-02', 41, 26),
(778, 5, 1, '3018-11-03', 41, 26),
(779, 5, 1, '3018-11-04', 41, 26),
(780, 5, 1, '3018-11-05', 41, 26),
(781, 5, 1, '3018-11-06', 41, 26),
(782, 5, 1, '3018-11-07', 41, 26),
(783, 5, 1, '3018-11-08', 41, 26),
(784, 5, 1, '3018-11-09', 41, 26),
(785, 5, 1, '3018-11-10', 41, 26),
(786, 5, 1, '3018-11-11', 41, 26),
(787, 5, 1, '3018-11-12', 41, 26),
(788, 5, 1, '3018-11-13', 41, 26),
(789, 5, 1, '3018-11-14', 41, 26),
(790, 5, 1, '3018-11-15', 41, 26),
(791, 5, 1, '3018-11-16', 41, 26),
(792, 5, 1, '3018-11-17', 41, 26),
(793, 5, 1, '3018-11-18', 41, 26),
(794, 5, 1, '3018-11-19', 41, 26),
(795, 5, 1, '3018-11-20', 41, 26),
(796, 5, 1, '3018-11-21', 41, 26),
(797, 5, 1, '3018-11-22', 41, 26),
(798, 5, 1, '3018-11-23', 41, 26),
(799, 5, 1, '3018-11-24', 41, 26),
(800, 5, 1, '3018-11-25', 41, 26),
(801, 5, 1, '3018-11-26', 41, 26),
(802, 5, 1, '3018-11-27', 41, 26),
(803, 5, 1, '3018-11-28', 41, 26),
(804, 5, 1, '3018-11-29', 41, 26),
(805, 5, 1, '3018-11-30', 41, 26),
(806, 5, 1, '3018-12-01', 41, 26),
(807, 5, 1, '3018-12-02', 41, 26),
(808, 5, 1, '3018-12-03', 41, 26),
(809, 5, 1, '3018-12-04', 41, 26),
(810, 5, 1, '3018-12-05', 41, 26),
(811, 5, 1, '3018-12-06', 41, 26),
(812, 5, 1, '3018-12-07', 41, 26),
(813, 5, 1, '3018-12-08', 41, 26),
(814, 5, 1, '3018-12-09', 41, 26),
(815, 5, 1, '3018-12-10', 41, 26),
(816, 5, 1, '3018-12-11', 41, 26),
(817, 5, 1, '3018-12-12', 41, 26),
(818, 5, 1, '3018-12-13', 41, 26),
(819, 5, 1, '3018-12-14', 41, 26),
(820, 5, 1, '3018-12-15', 41, 26),
(821, 5, 1, '3018-12-16', 41, 26),
(822, 5, 1, '3018-12-17', 41, 26),
(823, 5, 1, '3018-12-18', 41, 26),
(824, 5, 1, '3018-12-19', 41, 26),
(825, 5, 1, '3018-12-20', 41, 26),
(826, 5, 1, '3018-12-21', 41, 26),
(827, 5, 1, '3018-12-22', 41, 26),
(828, 5, 1, '3018-12-23', 41, 26),
(829, 5, 1, '3018-12-24', 41, 26),
(830, 5, 1, '3018-12-25', 41, 26),
(831, 5, 1, '3018-12-26', 42, 26),
(832, 5, 1, '3018-12-27', 42, 25),
(833, 5, 1, '3018-12-28', 43, 25),
(834, 5, 1, '3018-12-29', 44, 25),
(835, 5, 1, '3018-12-30', 44, 26),
(836, 5, 1, '3018-12-31', 45, 26),
(837, 5, 1, '3019-01-01', 45, 27),
(838, 5, 1, '3019-01-02', 44, 28),
(839, 5, 1, '3019-01-03', 43, 29),
(840, 5, 1, '3019-01-04', 43, 30),
(841, 5, 1, '3019-01-05', 44, 30),
(842, 5, 1, '3019-01-06', 45, 30),
(843, 5, 1, '3019-01-07', 45, 31),
(844, 5, 1, '3019-01-08', 45, 32),
(845, 5, 1, '3019-01-09', 44, 32),
(846, 5, 1, '3019-01-10', 43, 33),
(847, 5, 1, '3019-01-11', 42, 33),
(848, 5, 1, '3019-01-12', 42, 34),
(849, 5, 1, '3019-01-13', 41, 35),
(850, 5, 1, '3019-01-14', 41, 35),
(851, 5, 1, '3019-01-15', 41, 35),
(852, 5, 1, '3019-01-16', 46, 37),
(853, 5, 1, '3019-01-17', 48, 37),
(854, 5, 1, '3019-01-18', 48, 37),
(855, 5, 1, '3019-01-19', 48, 37),
(856, 5, 1, '3019-01-20', 48, 37),
(857, 5, 1, '3019-01-21', 48, 37),
(858, 5, 1, '3019-01-22', 48, 37),
(859, 5, 1, '3019-01-23', 48, 37),
(860, 5, 1, '3019-01-24', 48, 37),
(861, 5, 1, '3019-01-25', 48, 37),
(862, 5, 1, '3019-01-26', 48, 37),
(863, 5, 1, '3019-01-27', 48, 37),
(864, 5, 1, '3019-01-28', 48, 37),
(865, 5, 1, '3019-01-29', 48, 37),
(866, 5, 1, '3019-01-30', 48, 37),
(867, 5, 1, '3019-01-31', 48, 37),
(868, 5, 1, '3019-02-01', 48, 37),
(869, 5, 1, '3019-02-02', 48, 37),
(870, 5, 1, '3019-02-03', 48, 37),
(871, 5, 1, '3019-02-04', 48, 37),
(872, 5, 1, '3019-02-05', 48, 37),
(873, 5, 1, '3019-02-06', 48, 37),
(874, 5, 1, '3019-02-07', 48, 37),
(875, 5, 1, '3019-02-08', 48, 37),
(876, 5, 1, '3019-02-09', 48, 37),
(877, 5, 1, '3019-02-10', 48, 37),
(878, 5, 1, '3019-02-11', 48, 37),
(879, 5, 1, '3019-02-12', 48, 37),
(880, 5, 1, '3019-02-13', 48, 37),
(881, 5, 1, '3019-02-14', 48, 37),
(882, 5, 1, '3019-02-15', 48, 37),
(883, 5, 1, '3019-02-16', 48, 37),
(884, 5, 1, '3019-02-17', 50, 38),
(885, 5, 1, '3019-02-18', 51, 40),
(886, 5, 1, '3019-02-19', 53, 39),
(887, 5, 1, '3019-02-20', 54, 40),
(888, 5, 1, '3019-02-21', 54, 41),
(889, 5, 1, '3019-02-22', 55, 42),
(890, 5, 1, '3019-02-23', 56, 43),
(891, 5, 1, '3019-02-24', 55, 44),
(892, 5, 1, '3019-02-25', 56, 46),
(893, 5, 1, '3019-02-26', 54, 49),
(894, 5, 1, '3019-02-27', 54, 51),
(895, 5, 1, '3019-02-28', 51, 49),
(896, 5, 1, '3019-03-01', 43, 45),
(897, 5, 1, '3019-03-02', 42, 53),
(898, 5, 1, '3019-03-03', 38, 52),
(899, 5, 1, '3019-03-04', 38, 52),
(900, 5, 1, '3019-03-05', 37, 46),
(901, 5, 1, '3019-03-06', 38, 54),
(902, 5, 1, '3019-03-07', 42, 56),
(903, 5, 1, '3019-03-08', 40, 57),
(904, 5, 1, '3019-03-09', 43, 62),
(905, 5, 1, '3019-03-10', 46, 64),
(906, 5, 1, '3019-03-11', 50, 65),
(907, 5, 1, '3019-03-12', 54, 68),
(908, 5, 1, '3019-03-13', 54, 69),
(909, 5, 1, '3019-03-14', 58, 65),
(910, 5, 1, '3019-03-15', 59, 60),
(911, 5, 1, '3019-03-16', 59, 60),
(912, 5, 1, '3019-03-17', 59, 60),
(913, 5, 1, '3019-03-18', 59, 60),
(914, 5, 1, '3019-03-19', 62, 59),
(915, 5, 1, '3019-03-20', 63, 57),
(916, 5, 1, '3019-03-21', 63, 56),
(917, 5, 1, '3019-03-22', 63, 55),
(918, 5, 1, '3019-03-23', 64, 53),
(919, 5, 1, '3019-03-24', 66, 51),
(920, 5, 1, '3019-03-25', 69, 52),
(921, 6, 1, '3018-09-23', -1, -1),
(922, 6, 1, '3018-09-24', -1, -1),
(923, 6, 1, '3018-09-25', -1, -1),
(924, 6, 1, '3018-09-26', -1, -1),
(925, 6, 1, '3018-09-27', -1, -1),
(926, 6, 1, '3018-09-28', -1, -1),
(927, 6, 1, '3018-09-29', -1, -1),
(928, 6, 1, '3018-09-30', -1, -1),
(929, 6, 1, '3018-10-01', -1, -1),
(930, 6, 1, '3018-10-02', -1, -1),
(931, 6, 1, '3018-10-03', -1, -1),
(932, 6, 1, '3018-10-04', -1, -1),
(933, 6, 1, '3018-10-05', -1, -1),
(934, 6, 1, '3018-10-06', -1, -1),
(935, 6, 1, '3018-10-07', -1, -1),
(936, 6, 1, '3018-10-08', -1, -1),
(937, 6, 1, '3018-10-09', -1, -1),
(938, 6, 1, '3018-10-10', -1, -1),
(939, 6, 1, '3018-10-11', -1, -1),
(940, 6, 1, '3018-10-12', -1, -1),
(941, 6, 1, '3018-10-13', -1, -1),
(942, 6, 1, '3018-10-14', -1, -1),
(943, 6, 1, '3018-10-15', -1, -1),
(944, 6, 1, '3018-10-16', -1, -1),
(945, 6, 1, '3018-10-17', -1, -1),
(946, 6, 1, '3018-10-18', -1, -1),
(947, 6, 1, '3018-10-19', -1, -1),
(948, 6, 1, '3018-10-20', -1, -1),
(949, 6, 1, '3018-10-21', -1, -1),
(950, 6, 1, '3018-10-22', -1, -1),
(951, 6, 1, '3018-10-23', -1, -1),
(952, 6, 1, '3018-10-24', -1, -1),
(953, 6, 1, '3018-10-25', 41, 26),
(954, 6, 1, '3018-10-26', 41, 26),
(955, 6, 1, '3018-10-27', 41, 26),
(956, 6, 1, '3018-10-28', 41, 26),
(957, 6, 1, '3018-10-29', 41, 26),
(958, 6, 1, '3018-10-30', 41, 26),
(959, 6, 1, '3018-10-31', 41, 26),
(960, 6, 1, '3018-11-01', 41, 26),
(961, 6, 1, '3018-11-02', 41, 26),
(962, 6, 1, '3018-11-03', 41, 26),
(963, 6, 1, '3018-11-04', 41, 26),
(964, 6, 1, '3018-11-05', 41, 26),
(965, 6, 1, '3018-11-06', 41, 26),
(966, 6, 1, '3018-11-07', 41, 26),
(967, 6, 1, '3018-11-08', 41, 26),
(968, 6, 1, '3018-11-09', 41, 26),
(969, 6, 1, '3018-11-10', 41, 26),
(970, 6, 1, '3018-11-11', 41, 26),
(971, 6, 1, '3018-11-12', 41, 26),
(972, 6, 1, '3018-11-13', 41, 26),
(973, 6, 1, '3018-11-14', 41, 26),
(974, 6, 1, '3018-11-15', 41, 26),
(975, 6, 1, '3018-11-16', 41, 26),
(976, 6, 1, '3018-11-17', 41, 26),
(977, 6, 1, '3018-11-18', 41, 26),
(978, 6, 1, '3018-11-19', 41, 26),
(979, 6, 1, '3018-11-20', 41, 26),
(980, 6, 1, '3018-11-21', 41, 26),
(981, 6, 1, '3018-11-22', 41, 26),
(982, 6, 1, '3018-11-23', 41, 26),
(983, 6, 1, '3018-11-24', 41, 26),
(984, 6, 1, '3018-11-25', 41, 26),
(985, 6, 1, '3018-11-26', 41, 26),
(986, 6, 1, '3018-11-27', 41, 26),
(987, 6, 1, '3018-11-28', 41, 26),
(988, 6, 1, '3018-11-29', 41, 26),
(989, 6, 1, '3018-11-30', 41, 26),
(990, 6, 1, '3018-12-01', 41, 26),
(991, 6, 1, '3018-12-02', 41, 26),
(992, 6, 1, '3018-12-03', 41, 26),
(993, 6, 1, '3018-12-04', 41, 26),
(994, 6, 1, '3018-12-05', 41, 26),
(995, 6, 1, '3018-12-06', 41, 26),
(996, 6, 1, '3018-12-07', 41, 26),
(997, 6, 1, '3018-12-08', 41, 26),
(998, 6, 1, '3018-12-09', 41, 26),
(999, 6, 1, '3018-12-10', 41, 26),
(1000, 6, 1, '3018-12-11', 41, 26),
(1001, 6, 1, '3018-12-12', 41, 26),
(1002, 6, 1, '3018-12-13', 41, 26),
(1003, 6, 1, '3018-12-14', 41, 26),
(1004, 6, 1, '3018-12-15', 41, 26),
(1005, 6, 1, '3018-12-16', 41, 26),
(1006, 6, 1, '3018-12-17', 41, 26),
(1007, 6, 1, '3018-12-18', 41, 26),
(1008, 6, 1, '3018-12-19', 41, 26),
(1009, 6, 1, '3018-12-20', 41, 26),
(1010, 6, 1, '3018-12-21', 41, 26),
(1011, 6, 1, '3018-12-22', 41, 26),
(1012, 6, 1, '3018-12-23', 41, 26),
(1013, 6, 1, '3018-12-24', 41, 26),
(1014, 6, 1, '3018-12-25', 41, 26),
(1015, 6, 1, '3018-12-26', 42, 26),
(1016, 6, 1, '3018-12-27', 42, 25),
(1017, 6, 1, '3018-12-28', 43, 25),
(1018, 6, 1, '3018-12-29', 44, 25),
(1019, 6, 1, '3018-12-30', 44, 26),
(1020, 6, 1, '3018-12-31', 45, 26),
(1021, 6, 1, '3019-01-01', 45, 27),
(1022, 6, 1, '3019-01-02', 44, 28),
(1023, 6, 1, '3019-01-03', 43, 29),
(1024, 6, 1, '3019-01-04', 43, 30),
(1025, 6, 1, '3019-01-05', 44, 30),
(1026, 6, 1, '3019-01-06', 45, 30),
(1027, 6, 1, '3019-01-07', 45, 31),
(1028, 6, 1, '3019-01-08', 45, 32),
(1029, 6, 1, '3019-01-09', 44, 32),
(1030, 6, 1, '3019-01-10', 43, 33),
(1031, 6, 1, '3019-01-11', 42, 33),
(1032, 6, 1, '3019-01-12', 42, 34),
(1033, 6, 1, '3019-01-13', 41, 35),
(1034, 6, 1, '3019-01-14', 41, 35),
(1035, 6, 1, '3019-01-15', 41, 35),
(1036, 6, 1, '3019-01-16', 46, 37),
(1037, 6, 1, '3019-01-17', 48, 37),
(1038, 6, 1, '3019-01-18', 48, 37),
(1039, 6, 1, '3019-01-19', 48, 37),
(1040, 6, 1, '3019-01-20', 48, 37),
(1041, 6, 1, '3019-01-21', 48, 37),
(1042, 6, 1, '3019-01-22', 48, 37),
(1043, 6, 1, '3019-01-23', 48, 37),
(1044, 6, 1, '3019-01-24', 48, 37),
(1045, 6, 1, '3019-01-25', 48, 37),
(1046, 6, 1, '3019-01-26', 48, 37),
(1047, 6, 1, '3019-01-27', 48, 37),
(1048, 6, 1, '3019-01-28', 48, 37),
(1049, 6, 1, '3019-01-29', 48, 37),
(1050, 6, 1, '3019-01-30', 48, 37),
(1051, 6, 1, '3019-01-31', 48, 37),
(1052, 6, 1, '3019-02-01', 48, 37),
(1053, 6, 1, '3019-02-02', 48, 37),
(1054, 6, 1, '3019-02-03', 48, 37),
(1055, 6, 1, '3019-02-04', 48, 37),
(1056, 6, 1, '3019-02-05', 48, 37),
(1057, 6, 1, '3019-02-06', 48, 37),
(1058, 6, 1, '3019-02-07', 48, 37),
(1059, 6, 1, '3019-02-08', 48, 37),
(1060, 6, 1, '3019-02-09', 48, 37),
(1061, 6, 1, '3019-02-10', 48, 37),
(1062, 6, 1, '3019-02-11', 48, 37),
(1063, 6, 1, '3019-02-12', 48, 37),
(1064, 6, 1, '3019-02-13', 48, 37),
(1065, 6, 1, '3019-02-14', 48, 37),
(1066, 6, 1, '3019-02-15', 48, 37),
(1067, 6, 1, '3019-02-16', 48, 37),
(1068, 6, 1, '3019-02-17', 50, 38),
(1069, 6, 1, '3019-02-18', 51, 40),
(1070, 6, 1, '3019-02-19', 53, 39),
(1071, 6, 1, '3019-02-20', 54, 40),
(1072, 6, 1, '3019-02-21', 54, 41),
(1073, 6, 1, '3019-02-22', 55, 42),
(1074, 6, 1, '3019-02-23', 56, 43),
(1075, 6, 1, '3019-02-24', 55, 44),
(1076, 6, 1, '3019-02-25', 56, 46),
(1077, 6, 1, '3019-02-26', 54, 49),
(1078, 6, 1, '3019-02-27', 54, 51),
(1079, 6, 1, '3019-02-28', 51, 49),
(1080, 6, 1, '3019-03-01', 43, 45),
(1081, 6, 1, '3019-03-02', 42, 53),
(1082, 6, 1, '3019-03-03', 38, 52),
(1083, 6, 1, '3019-03-04', 38, 52),
(1084, 6, 1, '3019-03-05', 37, 46),
(1085, 6, 1, '3019-03-06', 38, 54),
(1086, 6, 1, '3019-03-07', 42, 56),
(1087, 6, 1, '3019-03-08', 40, 57),
(1088, 6, 1, '3019-03-09', 43, 62),
(1089, 6, 1, '3019-03-10', 46, 64),
(1090, 6, 1, '3019-03-11', 50, 65),
(1091, 6, 1, '3019-03-12', 54, 68),
(1092, 6, 1, '3019-03-13', 54, 69),
(1093, 6, 1, '3019-03-14', 58, 65),
(1094, 6, 1, '3019-03-15', 59, 60),
(1095, 6, 1, '3019-03-16', 59, 60),
(1096, 6, 1, '3019-03-17', 59, 60),
(1097, 6, 1, '3019-03-18', 59, 60),
(1098, 6, 1, '3019-03-19', 62, 59),
(1099, 6, 1, '3019-03-20', 63, 57),
(1100, 6, 1, '3019-03-21', 63, 56),
(1101, 6, 1, '3019-03-22', 63, 55),
(1102, 6, 1, '3019-03-23', 64, 53),
(1103, 6, 1, '3019-03-24', 66, 51),
(1104, 6, 1, '3019-03-25', 69, 52),
(1105, 7, 1, '3018-09-23', -1, -1),
(1106, 7, 1, '3018-09-24', 15, 24),
(1107, 7, 1, '3018-09-25', 18, 24),
(1108, 7, 1, '3018-09-26', 20, 22),
(1109, 7, 1, '3018-09-27', 22, 23),
(1110, 7, 1, '3018-09-28', 24, 25),
(1111, 7, 1, '3018-09-29', 26, 26),
(1112, 7, 1, '3018-09-30', 27, 25),
(1113, 7, 1, '3018-10-01', 28, 24),
(1114, 7, 1, '3018-10-02', 29, 24),
(1115, 7, 1, '3018-10-03', 30, 25),
(1116, 7, 1, '3018-10-04', 30, 26),
(1117, 7, 1, '3018-10-05', 31, 26),
(1118, 7, 1, '3018-10-06', 32, 26),
(1119, 7, 1, '3018-10-07', 33, 26),
(1120, 7, 1, '3018-10-08', 33, 25),
(1121, 7, 1, '3018-10-09', 34, 24),
(1122, 7, 1, '3018-10-10', 35, 24),
(1123, 7, 1, '3018-10-11', 36, 24),
(1124, 7, 1, '3018-10-12', 36, 25),
(1125, 7, 1, '3018-10-13', 36, 26),
(1126, 7, 1, '3018-10-14', 37, 26),
(1127, 7, 1, '3018-10-15', 37, 27),
(1128, 7, 1, '3018-10-16', 38, 27),
(1129, 7, 1, '3018-10-17', 39, 27),
(1130, 7, 1, '3018-10-18', 40, 27),
(1131, 7, 1, '3018-10-19', 40, 26),
(1132, 7, 1, '3018-10-20', 41, 26),
(1133, 7, 1, '3018-10-21', 41, 26),
(1134, 7, 1, '3018-10-22', 41, 26),
(1135, 7, 1, '3018-10-23', 41, 26),
(1136, 7, 1, '3018-10-24', 41, 26),
(1137, 7, 1, '3018-10-25', 41, 26),
(1138, 7, 1, '3018-10-26', 41, 26),
(1139, 7, 1, '3018-10-27', 41, 26),
(1140, 7, 1, '3018-10-28', 41, 26),
(1141, 7, 1, '3018-10-29', 41, 26),
(1142, 7, 1, '3018-10-30', 41, 26),
(1143, 7, 1, '3018-10-31', 41, 26),
(1144, 7, 1, '3018-11-01', 41, 26),
(1145, 7, 1, '3018-11-02', 41, 26),
(1146, 7, 1, '3018-11-03', 41, 26),
(1147, 7, 1, '3018-11-04', 41, 26),
(1148, 7, 1, '3018-11-05', 41, 26),
(1149, 7, 1, '3018-11-06', 41, 26),
(1150, 7, 1, '3018-11-07', 41, 26),
(1151, 7, 1, '3018-11-08', 41, 26),
(1152, 7, 1, '3018-11-09', 41, 26),
(1153, 7, 1, '3018-11-10', 41, 26),
(1154, 7, 1, '3018-11-11', 41, 26),
(1155, 7, 1, '3018-11-12', 41, 26),
(1156, 7, 1, '3018-11-13', 41, 26),
(1157, 7, 1, '3018-11-14', 41, 26),
(1158, 7, 1, '3018-11-15', 41, 26),
(1159, 7, 1, '3018-11-16', 41, 26),
(1160, 7, 1, '3018-11-17', 41, 26),
(1161, 7, 1, '3018-11-18', 41, 26),
(1162, 7, 1, '3018-11-19', 41, 26),
(1163, 7, 1, '3018-11-20', 41, 26),
(1164, 7, 1, '3018-11-21', 41, 26),
(1165, 7, 1, '3018-11-22', 41, 26),
(1166, 7, 1, '3018-11-23', 41, 26),
(1167, 7, 1, '3018-11-24', 41, 26),
(1168, 7, 1, '3018-11-25', 41, 26),
(1169, 7, 1, '3018-11-26', 41, 26),
(1170, 7, 1, '3018-11-27', 41, 26),
(1171, 7, 1, '3018-11-28', 41, 26),
(1172, 7, 1, '3018-11-29', 41, 26),
(1173, 7, 1, '3018-11-30', 41, 26),
(1174, 7, 1, '3018-12-01', 41, 26),
(1175, 7, 1, '3018-12-02', 41, 26),
(1176, 7, 1, '3018-12-03', 41, 26),
(1177, 7, 1, '3018-12-04', 41, 26),
(1178, 7, 1, '3018-12-05', 41, 26),
(1179, 7, 1, '3018-12-06', 41, 26),
(1180, 7, 1, '3018-12-07', 41, 26),
(1181, 7, 1, '3018-12-08', 41, 26),
(1182, 7, 1, '3018-12-09', 41, 26),
(1183, 7, 1, '3018-12-10', 41, 26),
(1184, 7, 1, '3018-12-11', 41, 26),
(1185, 7, 1, '3018-12-12', 41, 26),
(1186, 7, 1, '3018-12-13', 41, 26),
(1187, 7, 1, '3018-12-14', 41, 26),
(1188, 7, 1, '3018-12-15', 41, 26),
(1189, 7, 1, '3018-12-16', 41, 26),
(1190, 7, 1, '3018-12-17', 41, 26),
(1191, 7, 1, '3018-12-18', 41, 26),
(1192, 7, 1, '3018-12-19', 41, 26),
(1193, 7, 1, '3018-12-20', 41, 26),
(1194, 7, 1, '3018-12-21', 41, 26),
(1195, 7, 1, '3018-12-22', 41, 26),
(1196, 7, 1, '3018-12-23', 41, 26),
(1197, 7, 1, '3018-12-24', 41, 26),
(1198, 7, 1, '3018-12-25', 41, 26),
(1199, 7, 1, '3018-12-26', 42, 26),
(1200, 7, 1, '3018-12-27', 42, 25),
(1201, 7, 1, '3018-12-28', 43, 25),
(1202, 7, 1, '3018-12-29', 44, 25),
(1203, 7, 1, '3018-12-30', 44, 26),
(1204, 7, 1, '3018-12-31', 45, 26),
(1205, 7, 1, '3019-01-01', 45, 27),
(1206, 7, 1, '3019-01-02', 44, 28),
(1207, 7, 1, '3019-01-03', 43, 29),
(1208, 7, 1, '3019-01-04', 43, 30),
(1209, 7, 1, '3019-01-05', 44, 30),
(1210, 7, 1, '3019-01-06', 45, 30),
(1211, 7, 1, '3019-01-07', 45, 31),
(1212, 7, 1, '3019-01-08', 45, 32),
(1213, 7, 1, '3019-01-09', 44, 32),
(1214, 7, 1, '3019-01-10', 43, 33),
(1215, 7, 1, '3019-01-11', 42, 33),
(1216, 7, 1, '3019-01-12', 42, 34),
(1217, 7, 1, '3019-01-13', 41, 35),
(1218, 7, 1, '3019-01-14', 41, 35),
(1219, 7, 1, '3019-01-15', 41, 35),
(1220, 7, 1, '3019-01-16', 48, 37),
(1221, 7, 1, '3019-01-17', 48, 37),
(1222, 7, 1, '3019-01-18', 48, 37),
(1223, 7, 1, '3019-01-19', 48, 37),
(1224, 7, 1, '3019-01-20', 48, 37),
(1225, 7, 1, '3019-01-21', 48, 37),
(1226, 7, 1, '3019-01-22', 48, 37),
(1227, 7, 1, '3019-01-23', 48, 37),
(1228, 7, 1, '3019-01-24', 48, 37),
(1229, 7, 1, '3019-01-25', 48, 37),
(1230, 7, 1, '3019-01-26', 48, 37),
(1231, 7, 1, '3019-01-27', 48, 37),
(1232, 7, 1, '3019-01-28', 48, 37),
(1233, 7, 1, '3019-01-29', 48, 37),
(1234, 7, 1, '3019-01-30', 48, 37),
(1235, 7, 1, '3019-01-31', 48, 37),
(1236, 7, 1, '3019-02-01', 48, 37),
(1237, 7, 1, '3019-02-02', 48, 37),
(1238, 7, 1, '3019-02-03', 48, 37),
(1239, 7, 1, '3019-02-04', 48, 37),
(1240, 7, 1, '3019-02-05', 48, 37),
(1241, 7, 1, '3019-02-06', 48, 37),
(1242, 7, 1, '3019-02-07', 48, 37),
(1243, 7, 1, '3019-02-08', 48, 37),
(1244, 7, 1, '3019-02-09', 48, 37),
(1245, 7, 1, '3019-02-10', 48, 37),
(1246, 7, 1, '3019-02-11', 48, 37),
(1247, 7, 1, '3019-02-12', 48, 37),
(1248, 7, 1, '3019-02-13', 48, 37),
(1249, 7, 1, '3019-02-14', 48, 37),
(1250, 7, 1, '3019-02-15', 48, 37),
(1251, 7, 1, '3019-02-16', 48, 37),
(1252, 7, 1, '3019-02-17', 50, 38),
(1253, 7, 1, '3019-02-18', 51, 40),
(1254, 7, 1, '3019-02-19', 53, 39),
(1255, 7, 1, '3019-02-20', 54, 40),
(1256, 7, 1, '3019-02-21', 54, 41),
(1257, 7, 1, '3019-02-22', 55, 42),
(1258, 7, 1, '3019-02-23', 56, 43),
(1259, 7, 1, '3019-02-24', 55, 44),
(1260, 7, 1, '3019-02-25', 56, 46),
(1261, 7, 1, '3019-02-26', 54, 49),
(1262, 7, 1, '3019-02-27', 52, 50),
(1263, 7, 1, '3019-02-28', 43, 44),
(1264, 7, 1, '3019-03-01', 43, 44),
(1265, 7, 1, '3019-03-02', 47, 47),
(1266, 7, 1, '3019-03-03', 43, 47),
(1267, 7, 1, '3019-03-04', 40, 47),
(1268, 7, 1, '3019-03-05', 37, 46),
(1269, 7, 1, '3019-03-06', 38, 54),
(1270, 7, 1, '3019-03-07', 42, 56),
(1271, 7, 1, '3019-03-08', 40, 57),
(1272, 7, 1, '3019-03-09', 45, 65),
(1273, 7, 1, '3019-03-10', 46, 64),
(1274, 7, 1, '3019-03-11', 50, 65),
(1275, 7, 1, '3019-03-12', 54, 68),
(1276, 7, 1, '3019-03-13', 54, 69),
(1277, 7, 1, '3019-03-14', 58, 65),
(1278, 7, 1, '3019-03-15', 59, 60),
(1279, 7, 1, '3019-03-16', 59, 60),
(1280, 7, 1, '3019-03-17', 59, 60),
(1281, 7, 1, '3019-03-18', 59, 60),
(1282, 7, 1, '3019-03-19', 62, 59),
(1283, 7, 1, '3019-03-20', 63, 57),
(1284, 7, 1, '3019-03-21', 63, 56),
(1285, 7, 1, '3019-03-22', 63, 55),
(1286, 7, 1, '3019-03-23', 64, 53),
(1287, 7, 1, '3019-03-24', 66, 51),
(1288, 7, 1, '3019-03-25', 69, 52),
(1289, 8, 1, '3018-09-23', -1, -1),
(1290, 8, 1, '3018-09-24', 15, 24),
(1291, 8, 1, '3018-09-25', 18, 24),
(1292, 8, 1, '3018-09-26', 20, 22),
(1293, 8, 1, '3018-09-27', 22, 23),
(1294, 8, 1, '3018-09-28', 24, 25),
(1295, 8, 1, '3018-09-29', 26, 26),
(1296, 8, 1, '3018-09-30', 27, 25),
(1297, 8, 1, '3018-10-01', 28, 24),
(1298, 8, 1, '3018-10-02', 29, 24),
(1299, 8, 1, '3018-10-03', 30, 25),
(1300, 8, 1, '3018-10-04', 30, 26),
(1301, 8, 1, '3018-10-05', 31, 26),
(1302, 8, 1, '3018-10-06', 32, 26),
(1303, 8, 1, '3018-10-07', 33, 26),
(1304, 8, 1, '3018-10-08', 33, 25),
(1305, 8, 1, '3018-10-09', 34, 24),
(1306, 8, 1, '3018-10-10', 35, 24),
(1307, 8, 1, '3018-10-11', 36, 24),
(1308, 8, 1, '3018-10-12', 36, 25),
(1309, 8, 1, '3018-10-13', 36, 26),
(1310, 8, 1, '3018-10-14', 37, 26),
(1311, 8, 1, '3018-10-15', 37, 27),
(1312, 8, 1, '3018-10-16', 38, 27),
(1313, 8, 1, '3018-10-17', 39, 27),
(1314, 8, 1, '3018-10-18', 40, 27),
(1315, 8, 1, '3018-10-19', 40, 26),
(1316, 8, 1, '3018-10-20', 41, 26),
(1317, 8, 1, '3018-10-21', 41, 26),
(1318, 8, 1, '3018-10-22', 41, 26),
(1319, 8, 1, '3018-10-23', 41, 26),
(1320, 8, 1, '3018-10-24', 41, 26),
(1321, 8, 1, '3018-10-25', 41, 26),
(1322, 8, 1, '3018-10-26', 41, 26),
(1323, 8, 1, '3018-10-27', 41, 26),
(1324, 8, 1, '3018-10-28', 41, 26),
(1325, 8, 1, '3018-10-29', 41, 26),
(1326, 8, 1, '3018-10-30', 41, 26),
(1327, 8, 1, '3018-10-31', 41, 26),
(1328, 8, 1, '3018-11-01', 41, 26),
(1329, 8, 1, '3018-11-02', 41, 26),
(1330, 8, 1, '3018-11-03', 41, 26),
(1331, 8, 1, '3018-11-04', 41, 26),
(1332, 8, 1, '3018-11-05', 41, 26),
(1333, 8, 1, '3018-11-06', 41, 26),
(1334, 8, 1, '3018-11-07', 41, 26),
(1335, 8, 1, '3018-11-08', 41, 26),
(1336, 8, 1, '3018-11-09', 41, 26),
(1337, 8, 1, '3018-11-10', 41, 26),
(1338, 8, 1, '3018-11-11', 41, 26),
(1339, 8, 1, '3018-11-12', 41, 26),
(1340, 8, 1, '3018-11-13', 41, 26),
(1341, 8, 1, '3018-11-14', 41, 26),
(1342, 8, 1, '3018-11-15', 41, 26),
(1343, 8, 1, '3018-11-16', 41, 26),
(1344, 8, 1, '3018-11-17', 41, 26),
(1345, 8, 1, '3018-11-18', 41, 26),
(1346, 8, 1, '3018-11-19', 41, 26),
(1347, 8, 1, '3018-11-20', 41, 26),
(1348, 8, 1, '3018-11-21', 41, 26),
(1349, 8, 1, '3018-11-22', 41, 26),
(1350, 8, 1, '3018-11-23', 41, 26),
(1351, 8, 1, '3018-11-24', 41, 26),
(1352, 8, 1, '3018-11-25', 41, 26),
(1353, 8, 1, '3018-11-26', 41, 26),
(1354, 8, 1, '3018-11-27', 41, 26),
(1355, 8, 1, '3018-11-28', 41, 26),
(1356, 8, 1, '3018-11-29', 41, 26),
(1357, 8, 1, '3018-11-30', 41, 26),
(1358, 8, 1, '3018-12-01', 41, 26),
(1359, 8, 1, '3018-12-02', 41, 26),
(1360, 8, 1, '3018-12-03', 41, 26),
(1361, 8, 1, '3018-12-04', 41, 26),
(1362, 8, 1, '3018-12-05', 41, 26),
(1363, 8, 1, '3018-12-06', 41, 26),
(1364, 8, 1, '3018-12-07', 41, 26),
(1365, 8, 1, '3018-12-08', 41, 26),
(1366, 8, 1, '3018-12-09', 41, 26),
(1367, 8, 1, '3018-12-10', 41, 26),
(1368, 8, 1, '3018-12-11', 41, 26),
(1369, 8, 1, '3018-12-12', 41, 26),
(1370, 8, 1, '3018-12-13', 41, 26),
(1371, 8, 1, '3018-12-14', 41, 26),
(1372, 8, 1, '3018-12-15', 41, 26),
(1373, 8, 1, '3018-12-16', 41, 26),
(1374, 8, 1, '3018-12-17', 41, 26),
(1375, 8, 1, '3018-12-18', 41, 26),
(1376, 8, 1, '3018-12-19', 41, 26),
(1377, 8, 1, '3018-12-20', 41, 26),
(1378, 8, 1, '3018-12-21', 41, 26),
(1379, 8, 1, '3018-12-22', 41, 26),
(1380, 8, 1, '3018-12-23', 41, 26),
(1381, 8, 1, '3018-12-24', 41, 26),
(1382, 8, 1, '3018-12-25', 41, 26),
(1383, 8, 1, '3018-12-26', 42, 26),
(1384, 8, 1, '3018-12-27', 42, 25),
(1385, 8, 1, '3018-12-28', 43, 25),
(1386, 8, 1, '3018-12-29', 44, 25),
(1387, 8, 1, '3018-12-30', 44, 26),
(1388, 8, 1, '3018-12-31', 45, 26),
(1389, 8, 1, '3019-01-01', 45, 27),
(1390, 8, 1, '3019-01-02', 44, 28),
(1391, 8, 1, '3019-01-03', 43, 29),
(1392, 8, 1, '3019-01-04', 43, 30),
(1393, 8, 1, '3019-01-05', 44, 30),
(1394, 8, 1, '3019-01-06', 45, 30),
(1395, 8, 1, '3019-01-07', 45, 31),
(1396, 8, 1, '3019-01-08', 45, 32),
(1397, 8, 1, '3019-01-09', 44, 32),
(1398, 8, 1, '3019-01-10', 43, 33),
(1399, 8, 1, '3019-01-11', 42, 33),
(1400, 8, 1, '3019-01-12', 42, 34),
(1401, 8, 1, '3019-01-13', 41, 35),
(1402, 8, 1, '3019-01-14', 41, 35),
(1403, 8, 1, '3019-01-15', 41, 35),
(1404, 8, 1, '3019-01-16', 48, 37),
(1405, 8, 1, '3019-01-17', 48, 37),
(1406, 8, 1, '3019-01-18', 48, 37),
(1407, 8, 1, '3019-01-19', 48, 37),
(1408, 8, 1, '3019-01-20', 48, 37),
(1409, 8, 1, '3019-01-21', 48, 37),
(1410, 8, 1, '3019-01-22', 48, 37),
(1411, 8, 1, '3019-01-23', 48, 37),
(1412, 8, 1, '3019-01-24', 48, 37),
(1413, 8, 1, '3019-01-25', 48, 37),
(1414, 8, 1, '3019-01-26', 48, 37),
(1415, 8, 1, '3019-01-27', 48, 37),
(1416, 8, 1, '3019-01-28', 48, 37),
(1417, 8, 1, '3019-01-29', 48, 37),
(1418, 8, 1, '3019-01-30', 48, 37),
(1419, 8, 1, '3019-01-31', 48, 37),
(1420, 8, 1, '3019-02-01', 48, 37),
(1421, 8, 1, '3019-02-02', 48, 37),
(1422, 8, 1, '3019-02-03', 48, 37),
(1423, 8, 1, '3019-02-04', 48, 37),
(1424, 8, 1, '3019-02-05', 48, 37),
(1425, 8, 1, '3019-02-06', 48, 37),
(1426, 8, 1, '3019-02-07', 48, 37),
(1427, 8, 1, '3019-02-08', 48, 37),
(1428, 8, 1, '3019-02-09', 48, 37),
(1429, 8, 1, '3019-02-10', 48, 37),
(1430, 8, 1, '3019-02-11', 48, 37),
(1431, 8, 1, '3019-02-12', 48, 37),
(1432, 8, 1, '3019-02-13', 48, 37),
(1433, 8, 1, '3019-02-14', 48, 37),
(1434, 8, 1, '3019-02-15', 48, 37),
(1435, 8, 1, '3019-02-16', 48, 37),
(1436, 8, 1, '3019-02-17', 50, 38),
(1437, 8, 1, '3019-02-18', 51, 40),
(1438, 8, 1, '3019-02-19', 53, 39),
(1439, 8, 1, '3019-02-20', 54, 40),
(1440, 8, 1, '3019-02-21', 54, 41),
(1441, 8, 1, '3019-02-22', 55, 42),
(1442, 8, 1, '3019-02-23', 56, 43),
(1443, 8, 1, '3019-02-24', 55, 44),
(1444, 8, 1, '3019-02-25', 56, 46),
(1445, 8, 1, '3019-02-26', 54, 49),
(1446, 8, 1, '3019-02-27', 52, 50),
(1447, 8, 1, '3019-02-28', 43, 44),
(1448, 8, 1, '3019-03-01', 43, 44),
(1449, 8, 1, '3019-03-02', 47, 47),
(1450, 8, 1, '3019-03-03', 43, 47),
(1451, 8, 1, '3019-03-04', 40, 47),
(1452, 8, 1, '3019-03-05', 37, 46),
(1453, 8, 1, '3019-03-06', 44, 54),
(1454, 8, 1, '3019-03-07', 50, 57),
(1455, 8, 1, '3019-03-08', 56, 57),
(1456, 8, 1, '3019-03-09', 59, 60),
(1457, 8, 1, '3019-03-10', 59, 60),
(1458, 8, 1, '3019-03-11', 59, 60),
(1459, 8, 1, '3019-03-12', 59, 60),
(1460, 8, 1, '3019-03-13', 59, 60),
(1461, 8, 1, '3019-03-14', 59, 60),
(1462, 8, 1, '3019-03-15', 59, 60),
(1463, 8, 1, '3019-03-16', 59, 60),
(1464, 8, 1, '3019-03-17', 59, 60),
(1465, 8, 1, '3019-03-18', 59, 60),
(1466, 8, 1, '3019-03-19', 62, 59),
(1467, 8, 1, '3019-03-20', 63, 57),
(1468, 8, 1, '3019-03-21', 63, 56),
(1469, 8, 1, '3019-03-22', 63, 55),
(1470, 8, 1, '3019-03-23', 64, 53),
(1471, 8, 1, '3019-03-24', 66, 51),
(1472, 8, 1, '3019-03-25', 69, 52),
(1473, 9, 1, '3018-09-23', 13, 24),
(1474, 9, 1, '3018-09-24', 15, 24),
(1475, 9, 1, '3018-09-25', 18, 24),
(1476, 9, 1, '3018-09-26', 20, 22),
(1477, 9, 1, '3018-09-27', 22, 23),
(1478, 9, 1, '3018-09-28', 24, 25),
(1479, 9, 1, '3018-09-29', 26, 26),
(1480, 9, 1, '3018-09-30', 27, 25),
(1481, 9, 1, '3018-10-01', 28, 24),
(1482, 9, 1, '3018-10-02', 29, 24),
(1483, 9, 1, '3018-10-03', 30, 25),
(1484, 9, 1, '3018-10-04', 30, 26),
(1485, 9, 1, '3018-10-05', 31, 26),
(1486, 9, 1, '3018-10-06', 32, 26),
(1487, 9, 1, '3018-10-07', 33, 26),
(1488, 9, 1, '3018-10-08', 33, 25),
(1489, 9, 1, '3018-10-09', 34, 24),
(1490, 9, 1, '3018-10-10', 35, 24),
(1491, 9, 1, '3018-10-11', 36, 24),
(1492, 9, 1, '3018-10-12', 36, 25),
(1493, 9, 1, '3018-10-13', 36, 26),
(1494, 9, 1, '3018-10-14', 37, 26),
(1495, 9, 1, '3018-10-15', 37, 27),
(1496, 9, 1, '3018-10-16', 38, 27),
(1497, 9, 1, '3018-10-17', 39, 27),
(1498, 9, 1, '3018-10-18', 40, 27),
(1499, 9, 1, '3018-10-19', 40, 26),
(1500, 9, 1, '3018-10-20', 41, 26);
INSERT INTO `characters_trip` (`id`, `character_id`, `status`, `date`, `coordX`, `coordY`) VALUES
(1501, 9, 1, '3018-10-21', 41, 26),
(1502, 9, 1, '3018-10-22', 41, 26),
(1503, 9, 1, '3018-10-23', 41, 26),
(1504, 9, 1, '3018-10-24', 41, 26),
(1505, 9, 1, '3018-10-25', 41, 26),
(1506, 9, 1, '3018-10-26', 41, 26),
(1507, 9, 1, '3018-10-27', 41, 26),
(1508, 9, 1, '3018-10-28', 41, 26),
(1509, 9, 1, '3018-10-29', 41, 26),
(1510, 9, 1, '3018-10-30', 41, 26),
(1511, 9, 1, '3018-10-31', 41, 26),
(1512, 9, 1, '3018-11-01', 41, 26),
(1513, 9, 1, '3018-11-02', 41, 26),
(1514, 9, 1, '3018-11-03', 41, 26),
(1515, 9, 1, '3018-11-04', 41, 26),
(1516, 9, 1, '3018-11-05', 41, 26),
(1517, 9, 1, '3018-11-06', 41, 26),
(1518, 9, 1, '3018-11-07', 41, 26),
(1519, 9, 1, '3018-11-08', 41, 26),
(1520, 9, 1, '3018-11-09', 41, 26),
(1521, 9, 1, '3018-11-10', 41, 26),
(1522, 9, 1, '3018-11-11', 41, 26),
(1523, 9, 1, '3018-11-12', 41, 26),
(1524, 9, 1, '3018-11-13', 41, 26),
(1525, 9, 1, '3018-11-14', 41, 26),
(1526, 9, 1, '3018-11-15', 41, 26),
(1527, 9, 1, '3018-11-16', 41, 26),
(1528, 9, 1, '3018-11-17', 41, 26),
(1529, 9, 1, '3018-11-18', 41, 26),
(1530, 9, 1, '3018-11-19', 41, 26),
(1531, 9, 1, '3018-11-20', 41, 26),
(1532, 9, 1, '3018-11-21', 41, 26),
(1533, 9, 1, '3018-11-22', 41, 26),
(1534, 9, 1, '3018-11-23', 41, 26),
(1535, 9, 1, '3018-11-24', 41, 26),
(1536, 9, 1, '3018-11-25', 41, 26),
(1537, 9, 1, '3018-11-26', 41, 26),
(1538, 9, 1, '3018-11-27', 41, 26),
(1539, 9, 1, '3018-11-28', 41, 26),
(1540, 9, 1, '3018-11-29', 41, 26),
(1541, 9, 1, '3018-11-30', 41, 26),
(1542, 9, 1, '3018-12-01', 41, 26),
(1543, 9, 1, '3018-12-02', 41, 26),
(1544, 9, 1, '3018-12-03', 41, 26),
(1545, 9, 1, '3018-12-04', 41, 26),
(1546, 9, 1, '3018-12-05', 41, 26),
(1547, 9, 1, '3018-12-06', 41, 26),
(1548, 9, 1, '3018-12-07', 41, 26),
(1549, 9, 1, '3018-12-08', 41, 26),
(1550, 9, 1, '3018-12-09', 41, 26),
(1551, 9, 1, '3018-12-10', 41, 26),
(1552, 9, 1, '3018-12-11', 41, 26),
(1553, 9, 1, '3018-12-12', 41, 26),
(1554, 9, 1, '3018-12-13', 41, 26),
(1555, 9, 1, '3018-12-14', 41, 26),
(1556, 9, 1, '3018-12-15', 41, 26),
(1557, 9, 1, '3018-12-16', 41, 26),
(1558, 9, 1, '3018-12-17', 41, 26),
(1559, 9, 1, '3018-12-18', 41, 26),
(1560, 9, 1, '3018-12-19', 41, 26),
(1561, 9, 1, '3018-12-20', 41, 26),
(1562, 9, 1, '3018-12-21', 41, 26),
(1563, 9, 1, '3018-12-22', 41, 26),
(1564, 9, 1, '3018-12-23', 41, 26),
(1565, 9, 1, '3018-12-24', 41, 26),
(1566, 9, 1, '3018-12-25', 41, 26),
(1567, 9, 1, '3018-12-26', 42, 26),
(1568, 9, 1, '3018-12-27', 42, 25),
(1569, 9, 1, '3018-12-28', 43, 25),
(1570, 9, 1, '3018-12-29', 44, 25),
(1571, 9, 1, '3018-12-30', 44, 26),
(1572, 9, 1, '3018-12-31', 45, 26),
(1573, 9, 1, '3019-01-01', 45, 27),
(1574, 9, 1, '3019-01-02', 44, 28),
(1575, 9, 1, '3019-01-03', 43, 29),
(1576, 9, 1, '3019-01-04', 43, 30),
(1577, 9, 1, '3019-01-05', 44, 30),
(1578, 9, 1, '3019-01-06', 45, 30),
(1579, 9, 1, '3019-01-07', 45, 31),
(1580, 9, 1, '3019-01-08', 45, 32),
(1581, 9, 1, '3019-01-09', 44, 32),
(1582, 9, 1, '3019-01-10', 43, 33),
(1583, 9, 1, '3019-01-11', 42, 33),
(1584, 9, 1, '3019-01-12', 42, 34),
(1585, 9, 1, '3019-01-13', 41, 35),
(1586, 9, 1, '3019-01-14', 41, 35),
(1587, 9, 1, '3019-01-15', 41, 35),
(1588, 9, 1, '3019-01-16', 48, 37),
(1589, 9, 1, '3019-01-17', 48, 37),
(1590, 9, 1, '3019-01-18', 48, 37),
(1591, 9, 1, '3019-01-19', 48, 37),
(1592, 9, 1, '3019-01-20', 48, 37),
(1593, 9, 1, '3019-01-21', 48, 37),
(1594, 9, 1, '3019-01-22', 48, 37),
(1595, 9, 1, '3019-01-23', 48, 37),
(1596, 9, 1, '3019-01-24', 48, 37),
(1597, 9, 1, '3019-01-25', 48, 37),
(1598, 9, 1, '3019-01-26', 48, 37),
(1599, 9, 1, '3019-01-27', 48, 37),
(1600, 9, 1, '3019-01-28', 48, 37),
(1601, 9, 1, '3019-01-29', 48, 37),
(1602, 9, 1, '3019-01-30', 48, 37),
(1603, 9, 1, '3019-01-31', 48, 37),
(1604, 9, 1, '3019-02-01', 48, 37),
(1605, 9, 1, '3019-02-02', 48, 37),
(1606, 9, 1, '3019-02-03', 48, 37),
(1607, 9, 1, '3019-02-04', 48, 37),
(1608, 9, 1, '3019-02-05', 48, 37),
(1609, 9, 1, '3019-02-06', 48, 37),
(1610, 9, 1, '3019-02-07', 48, 37),
(1611, 9, 1, '3019-02-08', 48, 37),
(1612, 9, 1, '3019-02-09', 48, 37),
(1613, 9, 1, '3019-02-10', 48, 37),
(1614, 9, 1, '3019-02-11', 48, 37),
(1615, 9, 1, '3019-02-12', 48, 37),
(1616, 9, 1, '3019-02-13', 48, 37),
(1617, 9, 1, '3019-02-14', 48, 37),
(1618, 9, 1, '3019-02-15', 48, 37),
(1619, 9, 1, '3019-02-16', 48, 37),
(1620, 9, 1, '3019-02-17', 50, 38),
(1621, 9, 1, '3019-02-18', 51, 40),
(1622, 9, 1, '3019-02-19', 53, 39),
(1623, 9, 1, '3019-02-20', 54, 40),
(1624, 9, 1, '3019-02-21', 54, 41),
(1625, 9, 1, '3019-02-22', 55, 42),
(1626, 9, 1, '3019-02-23', 56, 43),
(1627, 9, 1, '3019-02-24', 55, 44),
(1628, 9, 1, '3019-02-25', 56, 46),
(1629, 9, 1, '3019-02-26', 57, 49),
(1630, 9, 1, '3019-02-27', 59, 47),
(1631, 9, 1, '3019-02-28', 59, 47),
(1632, 9, 1, '3019-03-01', 64, 49),
(1633, 9, 1, '3019-03-02', 64, 49),
(1634, 9, 1, '3019-03-03', 67, 50),
(1635, 9, 1, '3019-03-04', 68, 51),
(1636, 9, 1, '3019-03-05', 65, 52),
(1637, 9, 1, '3019-03-06', 65, 54),
(1638, 9, 1, '3019-03-07', 63, 55),
(1639, 9, 1, '3019-03-08', 63, 57),
(1640, 9, 1, '3019-03-09', 64, 59),
(1641, 9, 1, '3019-03-10', 64, 61),
(1642, 9, 1, '3019-03-11', 66, 61),
(1643, 9, 1, '3019-03-12', 65, 61),
(1644, 9, 1, '3019-03-13', 67, 61),
(1645, 9, 1, '3019-03-14', 67, 59),
(1646, 9, 1, '3019-03-15', 68, 56),
(1647, 9, 1, '3019-03-16', 67, 52),
(1648, 9, 1, '3019-03-17', 69, 53),
(1649, 9, 1, '3019-03-18', 70, 53),
(1650, 9, 1, '3019-03-19', 71, 54),
(1651, 9, 1, '3019-03-20', 71, 55),
(1652, 9, 1, '3019-03-21', 71, 56),
(1653, 9, 1, '3019-03-22', 72, 56),
(1654, 9, 1, '3019-03-23', 73, 57),
(1655, 9, 1, '3019-03-24', 73, 58),
(1656, 9, 1, '3019-03-25', 75, 58);

-- --------------------------------------------------------

--
-- Structure de la table `events`
--

CREATE TABLE `events` (
  `id` int(10) unsigned NOT NULL,
  `slug` varchar(100) COLLATE utf8mb4_unicode_ci NOT NULL,
  `name` varchar(100) COLLATE utf8mb4_unicode_ci NOT NULL,
  `date` date NOT NULL,
  `dateEnd` date NOT NULL,
  `coordX` tinyint(4) NOT NULL,
  `coordY` tinyint(4) NOT NULL
) ENGINE=InnoDB AUTO_INCREMENT=53 DEFAULT CHARSET=utf8mb4 COLLATE=utf8mb4_unicode_ci;

--
-- Contenu de la table `events`
--

INSERT INTO `events` (`id`, `slug`, `name`, `date`, `dateEnd`, `coordX`, `coordY`) VALUES
(1, 'frodon-quitte-hobbitebourg', 'Frodon quitte Hobbitebourg', '3018-09-23', '3018-09-23', 13, 24),
(2, 'nazgul-atteint-hobbitebourg', 'Un Nazgûl atteint Hobbitebourg à la nuit tombée', '3018-09-23', '3018-09-23', 13, 24),
(3, 'attaque-nazgul-poney-fringant', 'À l''aube, attaque des Nazgûl sur le Creux-de-Crique et l''Auberge du Poney Fringant', '3018-09-30', '3018-09-30', 26, 26),
(4, 'frodon-blesse-lame-morgul', 'Frodon est blessé par la lame de Morgul', '3018-10-06', '3018-10-06', 32, 26),
(5, 'frodon-guerit-lame-morgul', 'Frodon revient à lui', '3018-10-24', '3018-10-24', 41, 26),
(6, 'conseil-elrond', 'Le Conseil d''Elrond', '3018-10-25', '3018-10-25', 41, 26),
(7, 'depart-communaute-fondcombe', 'La Communauté part de Fondcombe', '3018-12-25', '3018-12-25', 41, 26),
(8, 'communaute-entre-dans-moria', 'La Communauté atteint la Porte Ouest au crépuscule et entre dans la Moria', '3019-01-13', '3019-01-13', 41, 35),
(9, 'chute-gandalf-balrog', 'Duel du Balrog et de Gandalf, qui chutent dans l''abîme du Pont de Khazad-dûm', '3019-01-15', '3019-01-15', 41, 35),
(10, 'gandalf-tue-balrog', 'Gandalf vainc le Balrog, et s''évanuit. Son corps gît au sommet du Zirakzigil', '3019-01-25', '3019-01-25', 41, 35),
(11, 'gandalf-renait', 'Gandalf revient à la vie', '3019-02-15', '3019-02-15', 41, 35),
(12, 'bataille-1-gues-isen', 'Première bataille des gués de l''Isen', '3019-02-25', '3019-02-25', 48, 38),
(13, 'mort-de-theodred', 'Mort de Théodred fils de Théoden ', '3019-02-25', '3019-02-25', 48, 38),
(14, 'mort-de-boromir', 'Mort de Boromir', '3019-02-26', '3019-02-26', 54, 49),
(15, 'merry-pippin-prisonniers-uruk-hai', 'Merry & Pippin sont faits prisonniers par les Uruks d''Uglúk.', '3019-02-26', '3019-02-26', 54, 49),
(16, 'eomer-massacre-uruk-hai', 'Éomer rattrape les Orques à la lisière de Fangorn.', '3019-02-28', '3019-02-28', 45, 47),
(17, 'merry-pippin-rencontrent-sylvebarbe', 'Merry et Pippin s''échappent et rencontrent Sylvebarbe.', '3019-02-28', '3019-02-28', 43, 44),
(18, 'frodon-rencontre-gollum', 'Frodon descend de l''Emyn Muil et rencontre Gollum.', '3019-02-28', '3019-02-28', 59, 47),
(19, 'chambre-des-ents', 'Chambre des Ents.', '3019-02-28', '3019-03-01', 43, 44),
(20, 'traversee-marais-des-morts', 'Frodon Sam et Golum traverse le Marais des Morts.', '3019-03-01', '3019-03-02', 64, 49),
(21, 'gandalf-blanc-retrouve-aragorn', 'Aragorn, Legolas et Gimli rencontrent Gandalf le Blanc, et ils partent pour Edoras.', '3019-03-01', '3019-03-01', 43, 45),
(22, 'ents-detruisent-isengard', 'Les Ents détruisent Isengard', '3019-03-02', '3019-03-03', 37, 46),
(23, 'gandalf-guerit-theoden', 'Gandalf arrive à Edoras et guérit Théoden.', '3019-03-02', '3019-03-02', 42, 53),
(24, 'bataille-2-gue-isen', 'Deuxième Bataille des Gués de l''Isen. Erkenbrand est battu.', '3019-03-02', '3019-03-02', 48, 38),
(25, 'bataille-gouffre-helm', 'Bataille du Gouffre de Helm / Bataille de Fort-le-Cor', '3019-03-03', '3019-03-04', 38, 52),
(26, 'mort-saroumane', 'Mort de Saroumane', '3019-03-06', '3019-03-06', 37, 46),
(27, 'frodon-prisonnier-par-faramir', 'Frodon est fait prisonnier et emmené à Henneth Annûn par Faramir.', '3019-03-07', '3019-03-07', 57, 58),
(28, 'aragorn-recupere-armee-des-morts', 'Aragorn, Legolas et Gimli récupère l''armée des morts', '3019-03-08', '3019-03-08', 40, 57),
(29, 'aragorn-atteint-calembel', 'Aragorn, avec l''Armée des Morts, partis d''Erech, atteignent Calembel.', '3019-03-09', '3019-03-09', 43, 62),
(30, 'diffusion-tenebres-hors-mordor', 'Des ténèbres commencent à se répandre hors du Mordor.', '3019-03-09', '3019-03-09', 64, 65),
(31, 'grand-rassemblement-du-rohan', 'Le Grand Rassemblement du Rohan : les Rohirrim partent de Dunharrow', '3019-03-10', '3019-03-10', 42, 56),
(32, 'invasion-ouest-rohan-par-nord', 'L''ouest du Rohan est envahi par le nord.', '3019-03-11', '3019-03-11', 47, 40),
(33, 'attaque-1-dol-guldur-lorien', 'Première attaque de Dol Guldur sur la Lórien.', '3019-03-11', '3019-03-11', 58, 37),
(34, 'aragorn-chasse-ennemi-vers-pelargir', 'Aragorn chasse l''ennemi vers Pelargir.', '3019-03-12', '3019-03-12', 54, 68),
(35, 'frodon-antre-arachne', 'Gollum conduit Frodo dans l''antre d''Arachne.', '3019-03-12', '3019-03-12', 66, 61),
(36, 'invasion-champs-pelennor', 'Les Champs du Pelennor sont envahis.', '3019-03-13', '3019-03-13', 59, 60),
(37, 'aragorn-atteint-pelagir', 'Aragorn atteint Pelargir et capture la flotte pirate.', '3019-03-13', '3019-03-13', 54, 69),
(38, 'siege-minas-tirith', 'Minas Tirith est assiégée.', '3019-03-14', '3019-03-15', 59, 60),
(39, 'chute-porte-minas-tirith', 'Au petit jour, le Roi-Sorcier enfonce les portes de Minas Tirith.', '3019-03-15', '3019-03-15', 59, 60),
(40, 'suicide-denethor', 'Denethor se donne la mort sur un bûcher funéraire.', '3019-03-15', '3019-03-15', 59, 60),
(41, 'bataille-champ-pelennor', 'Bataille des Champs de Pelennor.', '3019-03-15', '3019-03-15', 59, 60),
(42, 'mort-de-theoden', 'Mort de Théoden.', '3019-03-15', '3019-03-15', 59, 60),
(43, 'mort-roi-sorcier', 'Mort du Roi-Sorcier, tué par Éowyn et Merry.', '3019-03-15', '3019-03-15', 59, 60),
(44, 'attaque-2-dol-guldur-lorien', 'Second attaque de Dol Guldur sur la Lórien.', '3019-03-15', '3019-03-15', 58, 37),
(45, 'bataille-de-dale', 'Bataille de Dale', '3019-03-17', '3019-03-17', 69, 25),
(46, 'armee-ouest-part-minas-tirith', 'L''Armée de l''Ouest part de Minas Tirith.', '3019-03-18', '3019-03-18', 59, 60),
(47, 'attaque-3-dol-guldur-lorien', 'Troisième attaque de Dol Guldur sur la Lórien.', '3019-03-22', '3019-03-22', 58, 37),
(48, 'armee-ouest-encerclee-porte-noire', 'L''Armée de l''Ouest est encerclée devant la Porte Noire.', '3019-03-25', '3019-03-25', 69, 52),
(49, 'arrivee-montage-du-destin', 'Frodo et Sam atteignent la Montage du Destin, où l''Anneau a été forgé.', '3019-03-25', '3019-03-25', 75, 58),
(50, 'mort-de-gollum', 'Mort de Gollum.', '3019-03-25', '3019-03-25', 75, 58),
(51, 'destruction-anneau-unique', 'Destruction de l''Anneau Unique.', '3019-03-25', '3019-03-25', 75, 58),
(52, 'chute-barad-dur-fin-sauron', 'Chute de Barad-Dûr, et fin de Sauron.', '3019-03-25', '3019-03-25', 80, 57);

-- --------------------------------------------------------

--
-- Structure de la table `places`
--

CREATE TABLE `places` (
  `id` int(10) unsigned NOT NULL,
  `slug` varchar(100) COLLATE utf8mb4_unicode_ci NOT NULL,
  `name` varchar(100) COLLATE utf8mb4_unicode_ci NOT NULL,
  `coordX` tinyint(4) NOT NULL,
  `coordY` tinyint(4) NOT NULL
) ENGINE=InnoDB AUTO_INCREMENT=33 DEFAULT CHARSET=utf8mb4 COLLATE=utf8mb4_unicode_ci;

--
-- Contenu de la table `places`
--

INSERT INTO `places` (`id`, `slug`, `name`, `coordX`, `coordY`) VALUES
(1, 'hobbitebourg', 'Hobbitebourg', 13, 24),
(2, 'bree', 'Bree', 26, 26),
(3, 'mont-venteux', 'Mont Venteux', 32, 26),
(4, 'fondcombe', 'Fondcombe', 41, 26),
(5, 'moria', 'Moria', 41, 35),
(6, 'lothlorien', 'Lóthlorien', 48, 37),
(7, 'isengard', 'Isengard', 37, 46),
(8, 'edoras', 'Edoras', 42, 53),
(9, 'gouffre-de-helm', 'Gouffre de Helm', 38, 52),
(10, 'osgiliath', 'Osgiliath', 62, 61),
(11, 'henneth-annun', 'Henneth Annûn', 63, 55),
(12, 'minas-tirith', 'Minas Tirith', 59, 60),
(13, 'minas-morgul', 'Minas Morgul', 66, 62),
(14, 'la-porte-noire', 'La Porte Noire', 69, 52),
(15, 'barad-dur', 'Barad Dûr', 80, 57),
(16, 'montagne-du-destin', 'Montagne du Destin', 75, 58),
(17, 'emyn-muil', 'Emyn Muil', 59, 47),
(18, 'derunant', 'Derunant', 43, 44),
(19, 'dol-Guldur', 'Dol Guldur', 58, 37),
(20, 'dale', 'Dale', 69, 25),
(21, 'chez-jawad', 'Chez Jawad', -1, -1),
(22, 'dunharrow', 'Dunharrow', 42, 56),
(23, 'amon-hen', 'Amon Hen', 54, 49),
(24, 'marais-des-morts', 'Marais des morts', 64, 49),
(25, 'argonath', 'Argonath', 56, 46),
(26, 'erech', 'Erech', 57, 40),
(27, 'calembel', 'Calembel', 43, 62),
(28, 'pelagir', 'Pelagir', 54, 69),
(29, 'antre-arachne', 'Antre Arakne', 70, 60),
(30, 'champs-cormallen', 'Champs de Cormallen', 62, 57),
(31, 'gues-isen', 'Gués de Isen', 38, 48),
(32, 'caradhras', 'Caradhras', 42, 33);

-- --------------------------------------------------------

--
-- Structure de la table `races`
--

CREATE TABLE `races` (
  `id` int(11) NOT NULL,
  `slug` varchar(100) COLLATE utf8_unicode_ci NOT NULL,
  `description` varchar(250) COLLATE utf8_unicode_ci NOT NULL
) ENGINE=InnoDB AUTO_INCREMENT=5 DEFAULT CHARSET=utf8 COLLATE=utf8_unicode_ci;

--
-- Contenu de la table `races`
--

INSERT INTO `races` (`id`, `slug`, `description`) VALUES
(1, 'homme', 'L''humanité, race jeune en opposition aux autres races humanoïdes telles les Elfes, les Nains ou les Orques.'),
(2, 'elfe', 'Les aînés des Enfants d''Ilúvatar, les cadets étant les Hommes.'),
(3, 'hobbit', 'Egalement appelés Semi-hommes ou Periannath.'),
(4, 'maia', 'Ils font partie des Ainur, les divinités issues de l''esprit d''Ilúvatar, le dieu créateur.');

-- --------------------------------------------------------

--
-- Structure de la table `status`
--

CREATE TABLE `status` (
  `id` int(11) NOT NULL,
  `slug` varchar(100) COLLATE utf8_unicode_ci NOT NULL
) ENGINE=InnoDB AUTO_INCREMENT=6 DEFAULT CHARSET=utf8 COLLATE=utf8_unicode_ci;

--
-- Contenu de la table `status`
--

INSERT INTO `status` (`id`, `slug`) VALUES
(1, 'Bonne santé'),
(2, 'Blessé'),
(3, 'Mort'),
(4, 'Coma'),
(5, 'Croqué le doigt !');

--
-- Index pour les tables exportées
--

--
-- Index pour la table `characters`
--
ALTER TABLE `characters`
  ADD PRIMARY KEY (`id`),
  ADD KEY `IDX_3A29410E6E59D40D` (`race_id`);

--
-- Index pour la table `characters_trip`
--
ALTER TABLE `characters_trip`
  ADD PRIMARY KEY (`id`),
  ADD KEY `IDX_A5DEA70F1136BE75` (`character_id`),
  ADD KEY `IDX_A5DEA70F7B00651C` (`status`);

--
-- Index pour la table `events`
--
ALTER TABLE `events`
  ADD PRIMARY KEY (`id`);

--
-- Index pour la table `places`
--
ALTER TABLE `places`
  ADD PRIMARY KEY (`id`);

--
-- Index pour la table `races`
--
ALTER TABLE `races`
  ADD PRIMARY KEY (`id`);

--
-- Index pour la table `status`
--
ALTER TABLE `status`
  ADD PRIMARY KEY (`id`);

--
-- AUTO_INCREMENT pour les tables exportées
--

--
-- AUTO_INCREMENT pour la table `characters`
--
ALTER TABLE `characters`
  MODIFY `id` int(11) NOT NULL AUTO_INCREMENT,AUTO_INCREMENT=10;
--
-- AUTO_INCREMENT pour la table `characters_trip`
--
ALTER TABLE `characters_trip`
  MODIFY `id` int(11) NOT NULL AUTO_INCREMENT,AUTO_INCREMENT=1657;
--
-- AUTO_INCREMENT pour la table `events`
--
ALTER TABLE `events`
  MODIFY `id` int(10) unsigned NOT NULL AUTO_INCREMENT,AUTO_INCREMENT=53;
--
-- AUTO_INCREMENT pour la table `places`
--
ALTER TABLE `places`
  MODIFY `id` int(10) unsigned NOT NULL AUTO_INCREMENT,AUTO_INCREMENT=33;
--
-- AUTO_INCREMENT pour la table `races`
--
ALTER TABLE `races`
  MODIFY `id` int(11) NOT NULL AUTO_INCREMENT,AUTO_INCREMENT=5;
--
-- AUTO_INCREMENT pour la table `status`
--
ALTER TABLE `status`
  MODIFY `id` int(11) NOT NULL AUTO_INCREMENT,AUTO_INCREMENT=6;
--
-- Contraintes pour les tables exportées
--

--
-- Contraintes pour la table `characters`
--
ALTER TABLE `characters`
  ADD CONSTRAINT `FK_3A29410E6E59D40D` FOREIGN KEY (`race_id`) REFERENCES `races` (`id`);

--
-- Contraintes pour la table `characters_trip`
--
ALTER TABLE `characters_trip`
  ADD CONSTRAINT `FK_A5DEA70F1136BE75` FOREIGN KEY (`character_id`) REFERENCES `characters` (`id`),
  ADD CONSTRAINT `FK_A5DEA70F7B00651C` FOREIGN KEY (`status`) REFERENCES `status` (`id`);

/*!40101 SET CHARACTER_SET_CLIENT=@OLD_CHARACTER_SET_CLIENT */;
/*!40101 SET CHARACTER_SET_RESULTS=@OLD_CHARACTER_SET_RESULTS */;
/*!40101 SET COLLATION_CONNECTION=@OLD_COLLATION_CONNECTION */;
